ID,Number1,Number2,Description,Organism,CDNA,Structure_File
TPIS_LEIME,889,1,TRIOSEPHOSPHATE ISOMERASE (EC 5.3.1.1) (TIM),Leishmania mexicana,ATGTCCGCCAAGCCCCAGCCGATTGCTGCCGCGAACTGGAAGTGCAACGGCACCACTGCTTCCATCGAAAAGCTGGTGCAGGTGTTCAACGAGCACACTATTTCCCATGACGTGCAGTGCGTTGTGGCGCCAACCTTTGTGCACATCCCACTGGTTCAGGCCAAACTCCGCAACCCCAAGTACGTCATCAGCGCTGAGAACGCGATCGCCAAGAGCGGCGCATTCACAGGTGAAGTCTCGATGCCGATCCTGAAAGACATAGGCGTCCACTGGGTCATTCTGGGCCACTCGGAGCGCCGCACGTACTACGGCGAGACGGACGAGATCGTGGCGCAGAAGGTTTCGGAAGCATGCAAGCAGGGATTCATGGTAATTGCTTGCATTGGGGAAACGCTGCAGCAGCGTGAAGCGAACCAGACAGCGAAGGTGGTGCTGAGCCAGACGTCAGCGATCGCCGCGAAGCTGACGAAGGATGCGTGGAACCAAGTGGTGTTAGCCTACGAGCCCGTCTGGGCCATCGGCACCGGCAAGGTCGCAACCCCCGAACAGGCGCAGGAAGTGCACCTGCTGCTGCGCAAGTGGGTCAGCGAGAACATCGGCACCGACGTCGCCGCGAAACTCCGCATCCTGTATGGCGGCTCCGTCAACGCCGCCAATGCCGCGACGCTCTACGCAAAGCCTGATATCAACGGTTTCCTGGTCGGCGGCGCGTCCCTCAAGCCGGAGTTCCGAGACATCATTGATGCCACCCGGTGA,structures/TPIS_LEIME_1AMK.pdb
TPIS_COPJA,1099512295,1,"TRIOSEPHOSPHATE ISOMERASE, CYTOSOLIC (EC 5.3.1.1) (TIM)",Coptis japonica,ATGGGCCGAAAGTTCTTCGTTGGTGGTAACTGGAAATGTAATGGAACAAGTGAAGAGGTGAAAAAGATTGTTACATTATTGAACGAAGCCGAAGTTCCTTCTGAAGATGTTGTTGAGGTGGTGGTGAGTCCTCCATATGTGTTTCTTCCATTTGTGAAGAATTTATTGAGGGCTGATTTCCATGTTGCTGCTCAGAATTGTTGGGTTAAGAAAGGTGGTGCTTTCACCGGTGAGGTTAGTGCGGAGATGCTTGTCAATTTGGGCATTCCTTGGGTGATTCTTGGACATTCTGAAAGAAGAGCATTGCTAAATGAATCAAATGAGTTTGTTGGGGATAAAACTGCATATGCACTTTCTCAAGGCCTGAAAGTGATTGCTTGTGTCGGTGAGACTCTTGAACAGCGAGAAGCTGGATCTACAATCTCTGTTGTTGCTGCGCAAACAAAAGCTATTGCAGAGAAAGTATCCGATTGGACCAACATTGTTGTGGCCTATGAGCCCGTATGGGCTATTGGAACAGGAAAGGTTGCAAGTCCTGCCCAGGCTCAAGAAGTGCATTTTGAATTGAGGAAATGGATTAAAGAGAATGTTGGTGCTGATGTTGCTGGGTCAGTCAGGATTATCTATGGAGGTTCCGTAAATGGTGCAAACTCCAAAGAATTGGCAGGACAGCCTGATATTGACGGTTTCCTTGTTGGAGGTGCTTCTTTAAAGCCTGAATTCGTGGACATTATCAAGTCTGCCACCGTGAAGAGCTCTTAA,structures/TPIS_COPJA_AF.pdb
TPIS_ARATH,1099512280,1,"(CTIMC..)TRIOSEPHOSPHATE ISOMERASE, CYTOSOLIC (EC 5.3.1.1) (TIM)",Arabidopsis thaliana,ATGGCCAGAAAGTTCTTCGTCGGAGGCAACTGGAAATGTAACGGAACTGCTGAGGAGGTGAAGAAGATTGTGAACACTCTTAATGAAGCTCAGGTTCCTTCACAGGATGTTGTAGAGGTTGTGGTTAGCCCTCCATATGTTTTTCTTCCCCTGGTTAAGAGCACATTGAGGTCTGACTTTTTTGTTGCGGCACAAAACTGTTGGGTTAAGAAAGGAGGTGCTTTCACTGGTGAAGTGAGTGCGGAGATGCTTGTGAACTTGGATATTCCATGGGTTATCCTTGGTCACTCTGAGAGAAGGGCAATCCTTAATGAATCAAGCGAGTTCGTCGGAGACAAGGTTGCCTATGCACTTGCTCAAGGTTTGAAAGTGATTGCTTGTGTTGGTGAGACTCTTGAGGAGCGGGAAGCTGGATCGACCATGGATGTTGTGGCTGCCCAGACCAAGGCTATTGCCGATCGGGTGACAAACTGGTCAAATGTTGTCATAGCCTATGAACCAGTGTGGGCCATTGGAACCGGAAAGGTCGCTAGCCCAGCCCAAGCTCAAGAAGTACACGATGAGCTGAGGAAATGGCTGGCCAAGAACGTGAGTGCTGATGTCGCTGCTACAACCCGCATCATTTATGGAGGATCCGTCAATGGTGGTAACTGCAAGGAGCTAGGTGGACAGGCCGATGTTGATGGTTTCTTGGTCGGTGGTGCTTCTCTAAAGCCTGAGTTTATCGACATCATTAAGGCCGCAGAGGTGAACAAAAGTGCCTAA,structures/TPIS_ARATH_4OBT.pdb
AAH04230,-652834400,1,Triosephosphate isomerase 1,Homo sapiens,,
TPIS_HUMAN,-652834400,1,(TPI1..)TRIOSEPHOSPHATE ISOMERASE (EC 5.3.1.1) (TIM),Homo sapiens,ATGGCGCCCTCCAGGAAGTTCTTCGTTGGGGGAAACTGGAAGATGAACGGGCGGAAGCAGAGTCTGGGGGAGCTCATCGGCACTCTGAACGCGGCCAAGGTGCCGGCCGACACCGAGGTGGTTTGTGCTCCCCCTACTGCCTATATCGACTTCGCCCGGCAGAAGCTAGATCCCAAGATTGCTGTGGCTGCGCAGAACTGCTACAAAGTGACTAATGGGGCTTTTACTGGGGAGATCAGCCCTGGCATGATCAAAGACTGCGGAGCCACGTGGGTGGTCCTGGGACACTCAGAGAGAAGGCATGTCTTTGGGGAGTCAGATGAGCTGATTGGGCAGAAAGTGGCCCATGCTCTGGCAGAGGGACTCGGAGTAATCGCCTGCATTGGGGAGAAGCTAGATGAAAGGGAAGCTGGCATCACTGAGAAGGTTGTTTTCGAGCAGACAAAGGTCATCGCAGATAACGTGAAGGACTGGAGCAAGGTCGTCCTCGCCTATGAGCCTGTGTGGGCCATTGGTACTGGCAAGACTGCAACACCCCAACAGGCCCAGGAAGTACACGAGAAGCTCCGAGGATGGCTGAAGTCCAACGTCTCTGATGCGGTGGCTCAGAGCACCCGTATCATTTATGGAGGCTCTGTGACTGGGGCAACCTGCAAGGAGCTGGCCAGCCAGCCTGATGTGGATGGCTTCCTTGTGGGTGGTGCTTCCCTCAAGCCCGAATTCGTGGACATCATCAATGCCAAACAATGA,structures/TPIS_HUMAN_1HTI.pdb
TPIS_CULTA,-652834399,1,(TPI)TRIOSEPHOSPHATE ISOMERASE (EC 5.3.1.1) (TIM),Culex tarsalis,ATGGGTCGTAAGTTCTGCGTTGGAGGCAACTGGAAGATGAACGGCGACAAGGCCAGCATCGCCGATCTGTGCAAGGTGCTGACGACCGGTCCGCTGAACGCCGACACCGAGGTCGTGGTCGGATGTCCGGCCCCGTACCTGACCTTGGCCCGCAGCCAGCTGCCGGACAGCGTTTGCGTTGCCGCCCAGAACTGCTACAAAGTCCCGAAGGGAGCCTTCACCGGTGAAATCTCGCCGGCCATGCTGAAAGATCTGAACATTGGCTGGGTCATCCTGGGCCACTCGGAGCGTCGCGCCATCTTCGGTGAGTCGGACGAGCTGATCGCCGACAAGGTCGCCCACGCTCTGGCCGAGGGCCTCAAGGTCATCGCCTGCATCGGTGAGACGCTGCAGGAGCGCGAGGCTGGCCAAACCGAGGCCGTTTGCTTCCGCCAGACCAAGGCCATCGCCGACAAGGTGAAGGACTGGTCCAACGTTGTGATCGCGTACGAGCCGGTGTGGGCCATCGGAACCGGCAAGACCGCCTCGCCGGAACAGGCCCAGGAGGTGCACGCCGCGCTCAGGAAGTGGTTCACGGAGAACGTGTCCGCCGATGTGTCCGCGGCGATCCGCATCCAGTACGGAGGTTCCGTTACCGCTGCCAACTGCCGCGAGCTGGCCGCCAAGCCCGACATTGACGGATTCCTGGTCGGTGGAGCTTCGCTCAAGCCGGAGTTTATCCAGATTGTCAACGCCAGACAGTAA,structures/TPIS_CULTA_AF.pdb
TPIS_MACMU,-652834402,1,(TPI1)TRIOSEPHOSPHATE ISOMERASE (EC 5.3.1.1) (TIM),Macaca mulatta,,structures/TPIS_MACMU_AF.pdb
TPIS_ORYSA,1099512267,1,"(TPI)TRIOSEPHOSPHATE ISOMERASE, CYTOSOLIC (EC 5.3.1.1) (TIM)",Oryza sativa,ATGGGCCGCAAGTTCTTCGTTGGTGGCAACTGGAAATGCAACGGGACCACTGATCAGGTGGACAAAATTGTGAAAATTCTGAATGAGGGACAGATTGCTTCTACAGATGTTGTTGAGGTGGTTGTCAGCCCACCTTATGTGTTCCTTCCCGTGGTCAAGAGTCAGCTGCGCCCGGAGATCCAAGTTGCTGCTCAGAATTGTTGGGTGAAGAAGGGCGGGGCTTTCACCGGTGAGGTCAGCGCTGAGATGCTTGTCAACCTTAGTATTCCCTGGGTTATTCTTGGACACTCTGAAAGGAGGAGTTTGTTGGGTGAATCAAATGAGTTTGTTGGAGACAAAGTGGCATATGCGCTCTCTCAGGGCTTGAAGGTCATTGCATGTGTTGGTGAGACTCTCGAGCAGCGGGAATCTGGATCGACCATGGATGTTGTTGCTGCACAAACAAAAGCAATTTCTGAAAGGATCAAGGATTGGACTAATGTGGTTGTTGCCTATGAACCTGTGTGGGCCATTGGAACTGGTAAAGTTGCTACACCAGATCAAGCACAAGAAGTGCATGATGGCCTGAGGAAGTGGCTCGCTGCTAATGTCAGTGCAGAGGTTGCTGAATCAACAAGGATCATCTATGGAGGTTCCGTAACTGGTGCGAACTGCAAGGAGCTGGCAGCAAAGCCTGATGTTGATGGTTTTCTCGTCGGTGGTGCTTCATTGAAGCCTGAATTCATCGACATCATCAACTCCGCCACCGTGAAGTCCGCCTAA,structures/TPIS_ORYSA_AF.pdb
TPIS_MAIZE,-2123424483,1,"TRIOSEPHOSPHATE ISOMERASE, CYTOSOLIC (EC 5.3.1.1) (TIM)",Zea mays,ATGGGCCGCAAGTTCTTCGTCGGTGGCAACTGGAAATGCAATGGAACCACAGATCAGGTCGAGAAGATTGTCAAAACCCTGAATGAAGGACAGGTTCCCCCTTCAGATGTTGTTGAGGTCGTTGTCAGCCCTCCTTATGTCTTCCTTCCTGTGGTCAAGAGCCAGCTGCGCCAAGAGTTCCATGTTGCTGCTCAGAACTGCTGGGTGAAGAAGGGAGGTGCTTTCACTGGTGAAGTCAGTGCTGAGATGCTCGTCAACCTTGGTGTTCCCTGGGTCATTCTTGGACACTCTGAAAGGAGAGCTCTGCTGGGAGAATCAAATGAATTTGTTGGAGACAAGGTTGCGTATGCCCTGTCTCAGGGACTAAAGGTCATTGCATGTGTTGGTGAGACCCTTGAGCAGAGGGAGGCTGGGTCTACCATGGATGTTGTTGCTGCACAAACAAAAGCAATTGCTGAGAAGATCAAGGACTGGAGCAACGTAGTTGTTGCCTATGAACCAGTTTGGGCTATTGGAACTGGTAAAGTTGCCACCCCAGCTCAGGCTCAGGAAGTGCACGCCTCCCTGAGGGATTGGCTAAAGACCAATGCCAGCCCTGAGGTTGCTGAATCTACTAGGATCATCTACGGAGGCTCTGTAACTGCTGCGAACTGCAAAGAGCTAGCAGCACAGCCTGATGTCGATGGTTTTCTTGTCGGTGGAGCTTCTTTGAAGCCTGAGTTCATCGACATCATCAACGCGGCCACCGTGAAGTCCGCTTAA,structures/TPIS_MAIZE_6CG9.pdb
O77458,415479998,1,(TPI)TRIOSEPHOSPHATE ISOMERASE (EC 5.3.1.1) (TIM),Drosophila yakuba,ATGAGCCGAAAGTTCTGCGTGGGAGGCAACTGGAAGATGAACGGCGACCAGAAGTCCATCGCCGAGATCGCCAAGACCCTCAGCTCCGCCGCCCTGGACCCCAACACGGAGGTGGTCATTGGCTGCCCGGCCATCTACTTGATGTACGCCCGCAACCTGCTGCCCTGCGAACTGGGTCTGGCCGGCCAGAATGCCTACAAGGTGGCCAAGGGTGCCTTCACCGGCGAGATCTCGCCGGCAATGCTGAAGGACATCGGCGCCGACTGGGTGATCCTTGGACACTCGGAGCGTCGCGCCATCTTTGGCGAGTCGGACGCCCTGATCGCCGAGAAGGCCGAGCACGCCCTGGCCGAGGGCCTCAAGGTCATCGCCTGCATTGGTGAGACCCTGGAGGAGCGCGAGGCCGGCAAGACCAACGAGGTGGTGGCCCGCCAGATGTGCGCCTACGCCCAGAAGATCAAGGACTGGAAGAACGTGGTGGTGGCCTACGAGCCCGTCTGGGCCATTGGCACCGGCAAGACCGCCACACCCGATCAGGCACAAGAAGTCCACGCCTTCCTGCGCCAGTGGCTGAGCGACAACATCTCCAAGGAGGTCTCCGCCAGCCTGCGCATCCAGTACGGTGGATCCGTGACCGCCGCCAACGCCAAGGAGCTGGCCAAGAAGCCCGACATAGATGGCTTCCTCGTCGGAGGCGCCTCCCTGAAGCCCGAGTTCGTGGACATCATCAATGCCCGCCAGTAA,structures/O77458_AF.pdb
TPIS_CHICK,-652834408,1,(TPI1)TRIOSEPHOSPHATE ISOMERASE (EC 5.3.1.1) (TIM),Gallus gallus,ATGGCTCCCAGGAAGTTCTTCGTGGGTGGCAACTGGAAGATGAACGGCGACAAGAAGAGCTTGGGCGAGCTCATCCACACGCTGAATGGCGCCAAGCTCTCGGCCGACACCGAGGTGGTTTGCGGAGCCCCTTCAATCTACCTTGATTTTGCCCGCCAGAAGCTTGATGCAAAGATTGGAGTTGCAGCACAAAACTGTTACAAGGTACCGAAGGGTGCTTTCACAGGAGAGATCAGCCCAGCAATGATCAAAGATATTGGAGCTGCATGGGTGATCCTGGGCCACTCAGAGCGGAGGCATGTTTTTGGAGAGTCTGATGAGTTGATTGGGCAGAAGGTGGCTCATGCTCTTGCTGAAGGCCTCGGTGTCATCGCCTGCATTGGGGAGAAGCTGGATGAGAGAGAAGCTGGCATAACGGAGAAGGTGGTCTTTGAACAGACCAAAGCTATTGCTGATAACGTGAAGGACTGGAGTAAGGTGGTTCTTGCCTATGAGCCAGTTTGGGCTATCGGAACTGGTAAAACTGCTACTCCCCAACAGGCTCAGGAGGTTCATGAGAAGCTGAGAGGCTGGCTCAAAAGCCACGTGTCTGATGCTGTTGCTCAGTCAACTAGGATCATCTATGGAGGTTCAGTCACTGGTGGCAACTGTAAGGAACTGGCCTCCCAGCATGATGTGGATGGCTTCCTTGTTGGTGGGGCTTCTCTCAAGCCAGAGTTTGTGGATATTATCAATGCAAAACATTAA,structures/TPIS_CHICK_1SPQ.pdb
O76996,415479995,1,(TPI)TRIOSEPHOSPHATE ISOMERASE (EC 5.3.1.1) (TIM),Drosophila simulans,ATGAGCCGAAAGTTCTGCGTGGGAGGCAACTGGAAGATGAACGGCGACCAGAAGTCCATCGCCGAGATCGCCAAGACCCTGAGCTCGGCCGCCCTCGACCCCAACACGGAGGTGGTCATCGGCTGCCCGGCCATCTACCTGATGTACGCCCGCAACCTGCTTCCCTGCGAGCTGGGTCTGGCCGGCCAGAACGCCTACAAGGTGGCCAAGGGCGCCTTCACCGGCGAGATCTCGCCTGCGATGCTGAAGGACATCGGCGCCGACTGGGTGATCCTGGGACACTCGGAGCGCCGCGCCATTTTCGGCGAGTCGGACGCCCTGATCGCCGAGAAGGCCGAGCACGCTCTGGCCGAGGGCCTCAAGGTCATCGCCTGCATTGGTGAGACCCTGGAGGAGCGCGAGGCTGGCAAGACCAACGAGGTGGTGGCCCGCCAGATGTGCGCCTACGCCCAGAAGATCAAGGACTGGAAGAACGTGGTGGTGGCCTACGAGCCCGTCTGGGCCATTGGCACCGGCAAGACCGCCACACCCGATCAGGCTCAAGAGGTCCACGCCTTCCTGCGCCAGTGGCTGAGCGACAACATCTCCAAGGAGGTGTCCGCCAGCCTCCGCATCCAGTACGGTGGATCCGTGACCGCCGCCAACGCCAAGGAGCTGGCCAAGAAGCCCGACATCGATGGCTTCCTGGTCGGAGGCGCCTCCCTGAAGCCCGAGTTCGTGGACATCATCAACGCCCGGCAGTAA,
Q9FS79,1099512262,1,(TPIS)TRIOSEPHOSPHAT-ISOMERASE,Triticum aestivum,ATGGGCCGCAAGTTCTTCGTCGGCGGCAACTGGAAATGCAATGGAACTGTCGAACAGGTAGAGAGCATCGTCAATACTCTGAACGCTGGACAGATCGCCTCTACGGATGTTGTCGAGGTTGTCGTTAGCCCGCCCTATGTCTTCCTTCCCACCGTCAAGGGTAAGCTGCGCCCAGAGATCCAAGTTGCTGCTCAGAACTGCTGGGTGAAGAAGGGCGGTGCTTTCACCGGTGAAGTCAGTGCTGAGATGCTTGTCAACCTCGGCGTTCCCTGGGTCATCCTTGGACACTCTGAAAGGAGGAGCTTGATGGGAGAATCAAGCGAGTTTGTTGGAGAGAAGGTTGCATATGCACTCGCTCAGGGCTTGAAGGTCATTGCATGTGTTGGTGAGACTCTTGAGCAGCGAGAAGCTGGATCAACCATGGCGGTTGTCGCTGAACAGACAAAAGCAATTGCTGACAAGATCAAGGACTGGACCAACGTGGTCGTCGCCTATGAACCAGTGTGGGCCATTGGCACCGGTAAAGTTGCATCACCGGCTCAGGCACAGGAAGTCCATGCCAATCTGAGGGACTGGCTCAAGACCAATGTGAGCCCCGAGGTTGCTGAATCCACGAGGATCATCTATGGAGGATCTGTAACTGGCGCAAGCTGCAAGGAGTTGGCCGCGCAGCCCGACGTCGATGGTTTCCTCGTTGGTGGAGCTTCCTTGAAGCCTGAGTTCATCGACATCATCAACGCCGCCGCCGTGAAGTCCGCCTAA,structures/Q9FS79_AF.pdb
O76995,415479994,1,(TPI..)TRIOSEPHOSPHATE ISOMERASE (EC 5.3.1.1) (TIM),Drosophila melanogaster,ATGAGCCGAAAGTTCTGCGTGGGAGGCAACTGGAAGATGAACGGCGACCAGAAGTCCATCGCCGAGATCGCCAAGACCCTGAGCTCGGCCGCCCTCGACCCCAACACGGAGGTGGTCATCGGCTGCCCGGCCATCTACCTGATGTACGCCCGCAACCTGCTGCCCTGCGAGCTGGGTCTGGCCGGCCAGAATGCCTACAAGGTGGCCAAGGGCGCATTCACCGGCGAGATCTCCCCTGCGATGCTGAAGGACATCGGCGCCGACTGGGTGATCCTGGGACACTCGGAGCGTCGCGCCATCTTCGGCGAATCGGACGCCCTGATCGCCGAGAAGGCCGAGCACGCCCTGGCCGAGGGCCTCAAGGTCATCGCCTGCATTGGTGAGACCCTGGAGGAGCGCGAGGCCGGCAAGACCAACGAGGTGGTGGCCCGCCAAATGTGCGCCTACGCCCAAAAGATCAAGGACTGGAAGAACGTGGTGGTGGCCTACGAACCCGTCTGGGCCATTGGCACCGGCAAGACCGCCACACCCGATCAGGCTCAAGAGGTCCACGCTTCCCTGCGCCAGTGGCTGAGCGACAACATCTCCAAGGAGGTGTCCGCCAGCCTGCGCATCCAGTACGGTGGATCCGTGACCGCCGCCAACGCCAAGGAGCTGGCCAAGAAGCCCGACATCGATGGCTTCCTGGTCGGTGGCGCCTCCCTGAAGCCCGAGTTCTTGGACATCATCAACGCCCGGCAGTAA,
TPIS_RABIT,-652834410,1,(TPI1)TRIOSEPHOSPHATE ISOMERASE (EC 5.3.1.1) (TIM),Oryctolagus cuniculus,,structures/TPIS_RABIT_1R2R.pdb
Q9TY56,415479993,1,(TPI..)TRIOSEPHOSPHATE ISOMERASE (EC 5.3.1.1) (TIM),Drosophila melanogaster,ATGAGCCGAAAGTTCTGCGTGGGAGGCAACTGGAAGATGAACGGCGACCAGAAGTCCATCGCCGAGATCGCCAAGACCCTGAGCTCGGCCGCCCTCGACCCCAACACGGAGGTGGTCATCGGCTGCCCGGCCATCTACCTGATGTACGCCCGCAACCTGCTGCCCTGCGAGCTGGGTCTGGCCGGCCAGAATGCCTACAAGGTGGCCAAGGGCGCATTCACCGGCGAGATCTCCCCTGCGATGCTGAAGGACATCGGCGCCGACTGGGTGATCCTGGGACACTCGGAGCGTCGCGCCATCTTCGGCGAATCGGACGCCCTGATCGCCGAGAAGGCCGAGCACGCCCTGGCCGAGGGCCTCAAGGTCATCGCCTGCATTGGTGAGACCCTGGAGGAGCGCGAGGCCGGCAAGACCAACGAGGTGGTGGCCCGCCAAATGTGCGCCTACGCCCAAAAGATCAAGGACTGGAAGAACGTGGTGGTGGCCTACGAACCCGTCTGGGCCATTGGCACCGGCAAGACCGCCACACCCGATCAGGCTCAAGAGGTCCACGCTTCCCTGCGCCAGTGGCTGAGCGACAACATCTCCAAGGAGGTGTCCGCCAGCCTGCGCATCCAGTACGGTGGATCCGTGACCGCCGCCAACGCCAAGGAGCTGGCCAAGAAGCCCGACATCGATGGCTTCCTGGTCGGTGGCGCCTCCCTGAAGCCCGAGTTCTTGGACATCATCAACGCCCGGCAGTAA,
TPIS_DROME,415479993,1,(TPI)TRIOSEPHOSPHATE ISOMERASE (EC 5.3.1.1) (TIM),Drosophila melanogaster,ATGAGCCGAAAGTTCTGCGTGGGAGGCAACTGGAAGATGAACGGCGACCAGAAGTCCATCGCCGAGATCGCCAAGACCCTGAGCTCGGCCGCCCTCGACCCCAACACGGAGGTGGTCATCGGCTGCCCGGCCATCTACCTGATGTACGCCCGCAACCTGCTGCCCTGCGAGCTGGGTCTGGCCGGCCAGAATGCCTACAAGGTGGCCAAGGGCGCATTCACCGGCGAGATCTCCCCTGCGATGCTGAAGGACATCGGCGCCGACTGGGTGATCCTGGGACACTCGGAGCGTCGCGCCATCTTCGGCGAATCGGACGCCCTGATCGCCGAGAAGGCCGAGCACGCCCTGGCCGAGGGCCTCAAGGTCATCGCCTGCATTGGTGAGACCCTGGAGGAGCGCGAGGCCGGCAAGACCAACGAGGTGGTGGCCCGCCAAATGTGCGCCTACGCCCAAAAGATCAAGGACTGGAAGAACGTGGTGGTGGCCTACGAACCCGTCTGGGCCATTGGCACCGGCAAGACCGCCACACCCGATCAGGCTCAAGAGGTCCACGCTTCCCTGCGCCAGTGGCTGAGCGACAACATCTCCAAGGAGGTGTCCGCCAGCCTGCGCATCCAGTACGGTGGATCCGTGACCGCCGCCAACGCCAAGGAGCTGGCCAAGAAGCCCGACATCGATGGCTTCCTGGTCGGTGGCGCCTCCCTGAAGCCCGAGTTCTTGGACATCATCAACGCCCGGCAGTAA,structures/TPIS_DROME_AF.pdb
TPIS_HORVU,1099512259,1,"TRIOSEPHOSPHATE ISOMERASE, CYTOSOLIC (EC 5.3.1.1) (TIM)",Hordeum vulgare,ATGGGCCGCAAGTTCTTCGTCGGCGGCAACTGGAAATGCAATGGAACCGTCGAGCAGGTAGAGGCGATCGTCCAAACTCTGAACGCTGGACAGATCGTCTCTCCGGATGTTGTCGAGGTTGTTGTCAGCCCGCCCTATGTCTTCCTTCCCATCGTCAAGGCTAAGCTGCGCCCAGAGATCCAAGTTGCTGCTCAGAACTGCTGGGTGAAGAAGGGCGGTGCTTTCACCGGTGAAGTCAGTGCTGAGATGCTTGCCAACCTTGGCGTTCCCTGGGTCATTCTTGGACACTCTGAGAGGAGGAGCTTGTTGGGAGAGTCAAGTGAGTTTGTTGGCGAGAAAGTTGCATATGCACTCGCTCAGGGCTTGAAGGTCATTGCATGTGTTGGTGAGACTCTCGAGCAGCGAGAAGCTGGATCAACCATGGAAGTTGTCGCTGAACAGACAAAAGCAATTGCTGGCAAGATCAAGGACTGGTCCAACGGGGTCGTTGCTTACGAACCAGTGTGGGCCATCGGCACCGGTAAAGTTGCGACACCGGCTCAGGCGCAGGAAGTCCATGCCAATCTGAGGGACTGGCTCAAGACCAACGTGAGCCCTGAGGTTGCTGAATCCACACGTATCATCTATGGAGGATCGGTGACTGGCGCAAGCTGCAAGGAGTTGGCCGCGCAGGCCGACGTCGATGGTTTCCTCGTCGGTGGAGCTTCTTTGAAGCCGGAGTTCATCGACATAATCAACGCTGCCGCCGTGAAGTCCGCCTAA,structures/TPIS_HORVU_AF.pdb
TPIS_YEAST,1068809924,1,(TPI1..)TRIOSEPHOSPHATE ISOMERASE (EC 5.3.1.1) (TIM),Saccharomyces cerevisiae,ATGGCTAGAACTTTCTTTGTCGGTGGTAACTTTAAATTAAACGGTTCCAAACAATCCATTAAGGAAATTGTTGAAAGATTGAACACTGCTTCTATCCCAGAAAATGTCGAAGTTGTTATCTGTCCTCCAGCTACCTACTTAGACTACTCTGTCTCTTTGGTTAAGAAGCCACAAGTCACTGTCGGTGCTCAAAACGCCTACTTGAAGGCTTCTGGTGCTTTCACCGGTGAAAACTCCGTTGACCAAATCAAGGATGTTGGTGCTAAGTGGGTTATTTTGGGTCACTCCGAAAGAAGATCTTACTTCCACGAAGATGACAAGTTCATTGCTGACAAGACCAAGTTCGCTTTAGGTCAAGGTGTCGGTGTCATCTTGTGTATCGGTGAAACTTTGGAAGAAAAGAAGGCCGGTAAGACTTTGGATGTTGTTGAAAGACAATTGAACGCTGTCTTGGAAGAAGTTAAGGACTGGACTAACGTCGTTGTCGCTTACGAACCAGTCTGGGCCATTGGTACCGGTTTGGCTGCTACTCCAGAAGATGCTCAAGATATTCACGCTTCCATCAGAAAGTTCTTGGCTTCCAAGTTGGGTGACAAGGCTGCCAGCGAATTGAGAATCTTATACGGTGGTTCCGCTAACGGTAGCAACGCCGTTACCTTCAAGGACAAGGCTGATGTCGATGGTTTCTTGGTCGGTGGTGCTTCTTTGAAGCCAGAATTTGTTGATATCATCAACTCTAGAAACTAA,structures/TPIS_YEAST_1I45.pdb
TPIS_SECCE,1099512254,1,"TRIOSEPHOSPHATE ISOMERASE, CYTOSOLIC (EC 5.3.1.1) (TIM)",Secale cereale,ATGGGCCGCAAGTTCTTCGTCGGCGGCAACTGGAAATGCAATGGAACCGTCTCTCAGGTAGAGACTATCGTCAATACTCTGAACGCTGGACAGATCGCCTCTCCGGATGTTGTGGAGGTTGTTGTCAGCCCGCCCTATGTCTTCCTTCCCACCGTCAAGGATAAGCTGCGTCCAGAGATCCAGGTTGCTGCTCAGAACTGCTGGGTGAAGAAGGGCGGTGCTTTCACTGGTGAAGTCAGTGCTGAGATGCTTGTCAACCTCGGCATTCCCTGGGTCATTCTTGGACACTCTGAAAGGAGGAGCTTGTTGGCAGAATCGAGTGAGTTTGTTGGAGAGAAGGTTGCATATGCACTCGCTCAGGGCTTGAAGGTCATTGCATGTGTTGGTGAGACTCTCGAGCAGCGAGAAGCTGGATCAACCATGGAAGTTGTCGCTGAACAGACAAAGGCAATTGCTGACAAGATCAAGGACTGGACTAATGTGGTTGTTGCCTACGAGCCAGTGTGGGCCATTGGCACCGGTAAAGTTGCATCACCAGCTCAGGCACAGGAAGTCCATGCCAACCTGAGGGACTGGCTCAAGACCAATGTGAGCCCCGAGGTTGCTGAATCCACGAGGATCATCTACGGAGGATCTGTAACTGGAGCAAGCTGCAAGGAGTTGGCTGCGCAGCCCGACGTCGATGGTTTCCTTGTTGGTGGAGCTTCTTTGAAGCCTGAGTTCATCGACATCATCAACGCCGCCACCGTGAAGTCTGCCTAA,structures/TPIS_SECCE_AF.pdb
TPIS_MOUSE,-652834417,1,(TPI1..)TRIOSEPHOSPHATE ISOMERASE (EC 5.3.1.1) (TIM),Mus musculus,ATGTGCCGAGCCATCTCTCTTAGGCGCTTGCTGCTGCTGCTGCTGCAGCTGTCACAACTCCTAGCTGTCACTCAAGGGAAGACGCTGGTGCTGGGGAAGGAAGGGGAATCAGCAGAACTGCCCTGCGAGAGTTCCCAGAAGAAGATCACAGTCTTCACCTGGAAGTTCTCTGACCAGAGGAAGATTCTGGGGCAGCATGGCAAAGGTGTATTAATTAGAGGAGGTTCGCCTTCGCAGTTTGATCGTTTTGATTCCAAAAAAGGGGCATGGGAGAAAGGATCGTTTCCTCTCATCATCAATAAACTTAAGATGGAAGACTCTCAGACTTATATCTGTGAGCTGGAGAACAGGAAAGAGGAGGTGGAGTTGTGGGTGTTCAAAGTGACCTTCAGTCCGGGTACCAGCCTGTTGCAAGGGCAGAGCCTGACCCTGACCTTGGATAGCAACTCTAAGGTCTCTAACCCCTTGACAGAGTGCAAACACAAAAAGGGTAAAGTTGTCAGTGGTTCCAAAGTTCTCTCCATGTCCAACCTAAGGGTTCAGGACAGCGACTTCTGGAACTGCACCGTGACCCTGGACCAGAAAAAGAACTGGTTCGGCATGACACTCTCAGTGCTGGGTTTTCAGAGCACAGCTATCACGGCCTATAAGAGTGAGGGAGAGTCAGCGGAGTTCTCCTTCCCACTCAACTTTGCAGAGGAAAACGGGTGGGGAGAGCTGATGTGGAAGGCAGAGAAGGATTCTTTCTTCCAGCCCTGGATCTCCTTCTCCATAAAGAACAAAGAGGTGTCCGTACAAAAGTCCACCAAAGACCTCAAGCTCCAGCTGAAGGAAACGCTCCCACTCACCCTCAAGATACCCCAGGTCTCGCTTCAGTTTGCTGGTTCTGGCAACCTGACTCTGACTCTGGACAAAGGGACACTGCATCAGGAAGTGAACCTGGTGGTGATGAAAGTGGCTCAGCTCAACAATACTTTGACCTGTGAGGTGATGGGACCTACCTCTCCCAAGATGAGACTGACCCTGAAGCAGGAGAACCAGGAGGCCAGGGTCTCTGAGGAGCAGAAAGTAGTTCAAGTGGTGGCCCCTGAGACAGGGCTGTGGCAGTGTCTACTGAGTGAAGGTGATAAGGTCAAGATGGACTCCAGGATCCAGGTTTTATCCAGAGGGGTGAACCAGACAGTGTTCCTGGCTTGCGTGCTGGGTGGCTCCTTCGGCTTTCTGGGTTTCCTTGGGCTCTGCATCCTCTGCTGTGTCAGGTGCCGGCACCAACAGCGCCAGGCAGCACGAATGTCTCAGATCAAGAGGCTCCTCAGTGAGAAGAAGACCTGCCAGTGCCCCCACCGGATGCAGAAGAGCCATAATCTCATCTGA,structures/TPIS_MOUSE_AF.pdb
Q9CWE7,-652834418,1,(TPI)TRIOSEPHOSPHATE ISOMERASE,Mus musculus,ATGTGCCGAGCCATCTCTCTTAGGCGCTTGCTGCTGCTGCTGCTGCAGCTGTCACAACTCCTAGCTGTCACTCAAGGGAAGACGCTGGTGCTGGGGAAGGAAGGGGAATCAGCAGAACTGCCCTGCGAGAGTTCCCAGAAGAAGATCACAGTCTTCACCTGGAAGTTCTCTGACCAGAGGAAGATTCTGGGGCAGCATGGCAAAGGTGTATTAATTAGAGGAGGTTCGCCTTCGCAGTTTGATCGTTTTGATTCCAAAAAAGGGGCATGGGAGAAAGGATCGTTTCCTCTCATCATCAATAAACTTAAGATGGAAGACTCTCAGACTTATATCTGTGAGCTGGAGAACAGGAAAGAGGAGGTGGAGTTGTGGGTGTTCAAAGTGACCTTCAGTCCGGGTACCAGCCTGTTGCAAGGGCAGAGCCTGACCCTGACCTTGGATAGCAACTCTAAGGTCTCTAACCCCTTGACAGAGTGCAAACACAAAAAGGGTAAAGTTGTCAGTGGTTCCAAAGTTCTCTCCATGTCCAACCTAAGGGTTCAGGACAGCGACTTCTGGAACTGCACCGTGACCCTGGACCAGAAAAAGAACTGGTTCGGCATGACACTCTCAGTGCTGGGTTTTCAGAGCACAGCTATCACGGCCTATAAGAGTGAGGGAGAGTCAGCGGAGTTCTCCTTCCCACTCAACTTTGCAGAGGAAAACGGGTGGGGAGAGCTGATGTGGAAGGCAGAGAAGGATTCTTTCTTCCAGCCCTGGATCTCCTTCTCCATAAAGAACAAAGAGGTGTCCGTACAAAAGTCCACCAAAGACCTCAAGCTCCAGCTGAAGGAAACGCTCCCACTCACCCTCAAGATACCCCAGGTCTCGCTTCAGTTTGCTGGTTCTGGCAACCTGACTCTGACTCTGGACAAAGGGACACTGCATCAGGAAGTGAACCTGGTGGTGATGAAAGTGGCTCAGCTCAACAATACTTTGACCTGTGAGGTGATGGGACCTACCTCTCCCAAGATGAGACTGACCCTGAAGCAGGAGAACCAGGAGGCCAGGGTCTCTGAGGAGCAGAAAGTAGTTCAAGTGGTGGCCCCTGAGACAGGGCTGTGGCAGTGTCTACTGAGTGAAGGTGATAAGGTCAAGATGGACTCCAGGATCCAGGTTTTATCCAGAGGGGTGAACCAGACAGTGTTCCTGGCTTGCGTGCTGGGTGGCTCCTTCGGCTTTCTGGGTTTCCTTGGGCTCTGCATCCTCTGCTGTGTCAGGTGCCGGCACCAACAGCGCCAGGCAGCACGAATGTCTCAGATCAAGAGGCTCCTCAGTGAGAAGAAGACCTGCCAGTGCCCCCACCGGATGCAGAAGAGCCATAATCTCATCTGA,
TPIS_STELP,-714239003,1,"TRIOSEPHOSPHATE ISOMERASE, CYTOSOLIC (EC 5.3.1.1) (TIM)",Stellaria longipes,ATGGGCCGTAAGTTCTTCGTCGGTGGTAACTGGAAATGCAATGGCACACAAGAATCGGTATCGAAGATCGTGGATACCCTGAATGAACCTACGATTGCCGCTAACGATGTTGTTACTGTGGTTGTCAGTCCCCCTTATGTCTTTCTACCTGATGAAAATGCCGAGCTGAAGCACGAGATCCAAGTGGCTGCTCAGAACTGCTGGGTCAAGAAAGGGGGTGCTTTCACTGGTGAAGTCAGTGCTCAAATGCTGGCTAATTTGGGTATCACATGGGTTATCCTGGGACACTCAGAAAGGAGAACTCTATTAGGCGAGTCTAACGAGTTCGTCGGGAAAAAGGCTGCATATGCTCAGAGTGAAGGCCTTGGAGTTATTGCTTGTATTGGGGAGCTGTTAGAAGAAAGAGAAGCGGGGAAAACCTTTGATGTTTGCTTCAAGCAATTGAAGTCTTTTGCCAGATTTCCTGCCAAGCCGTGGGACAATGTTGTTGTCGCATACGAGCCTGTATGGGCTATTGGTACTGGTAAAGTAGCTTCGCCTGAGCAAGCTCAGGAAGTGCATGTTGCTGTTCGGGATTGGCTTAAAACGAATGTTTCTGAAGAAGTTGCATCCAAGACCCGCATTATATATGGAGGTTCTGTTAATGGAGGCAATTCTCTAGCTCTTGCAGCACAAGAGGACGTCGACGGTTTTCTAGTTGGAGGTGCCTCCTTGAAGGGACCAGAATTTGCGACGATTATTAATTCAGTGACAGCAAAAAAGGTTGCTGCCTGA,structures/TPIS_STELP_AF.pdb
TPIS_RAT,-652834426,1,(TPI1)TRIOSEPHOSPHATE ISOMERASE (EC 5.3.1.1) (TIM),Rattus norvegicus,ATGGCGCCTTCCAGGAAGTTCTTCGTCGGGGGCAACTGGAAGATGAACGGGAGGAAGAAATGCCTGGGAGAACTCATCTGCACTCTGAACGCAGCCAAGCTGCCGGCAGACACCGAGGTGGTTTGTGCACCGCCAACCGCCTACATCGACTTCGCCAGGCAGAAGCTGGATCCCAAAATTGCTGTGGCTGCACAGAACTGCTACAAAGTGACCAATGGGGCCTTCACTGGGGAAATCAGTCCTGGCATGATCAAGGACTTAGGAGCTACCTGGGTGGTGCTGGGACACTCTGAAAGAAGACACATCTTTGGGGAATCAGACGAGTTGATTGGGCAGAAAGTGAACCATGCCCTATCCGAGGGACTCGAGGTGATCGCCTGCATTGGGGAGAAGTTAGACGAAAGGGAAGCTGGCATCACTGAGAAGGTTGTTTTTGAGCAAACCAAGGCCATCGCAGATAATGTGAAGGACTGGTGCAAGGTGGTCCTGGCCTATGAACCAGTATGGGCCATTGGGACTGGCAAGACTGCAACCCCTCAACAGGCCCAGGAAGTACACGAGAAGCTCCGGGGATGGCTGAAATGCAACGTCTCTGAGGGGGTGGCTCAGTGCACTCGGATCATTTATGGAGGTTCTGTGACTGGAGCGACTTGCAAAGAGCTGGCAAGCCAGCCTGATGTGGATGGCTTCCTCGTGGGCGGTGCATCTCTCAAGCCTGAATTCGTGGACATTATCAATGCCAAACAATGA,structures/TPIS_RAT_AF.pdb
TPIS_SCHJA,-618474683,1,(TPI)TRIOSEPHOSPHATE ISOMERASE (EC 5.3.1.1) (TIM),Schistosoma japonicum,ATGTCTGGTTCTCGGAAATTTTTTGTTGGGGGTAATTGGAAGATGAATGGCAGTAGAGCCGACAACAAAGTTTTGATTCATTCTTTGTCTGAGGCTCATTTTTGTGGAGACACTGAAATTTTAATTGCTGCACCTTTCGTTTATCTAAATGAAGTTCGGCAAAGCTTAGCTAAAGAGATACACGTGGCTGCTCAAAATTGCTATAAGGTACCAAAGGGTGCATTTACTGGGGAAATCAGTCCTTCAATGATAAAAGATGTTGGTTGTGATTGGGTTATACTTGGTCATTCTGAACGAAGAAGTATATTTAATGAATCCGATGAGCTTGTAGCTGAAAAAGTTCAACATGCACTTGCAGAAGGTCTAAGCGTTGTAGCATGTATTGGGGAAACACTATCAGAGCGTGAATCTGGTAAAACAGAAGAAGTGTGTGTAAGACAATTAAATGCTATTGCTAATAAGATTAAATCAATTGATGAATGGAAACGAGTTGTTGTAGCATATGAACCTGTATGGGCTATTGGAACAGGTAAAGTTGCTTCACCAGGTCAAGCTCAAGAAGTTCATAATTTTCTTCGTAAATGGTTTAAAACAAATACACCATCTGGAGTTGACCAACAAATACGTATTATCTATGGTGGATCAGTAACCGCAGCAAATTGTAAAGAATTAGCTCAACAACATGATGTGGATGGATTTTTAGTTGGTGGTGCTTCATTAAAACCGGAATTTATTGATATATGTAAAGCTAGACAATAA,structures/TPIS_SCHJA_AF.pdb
Q9HGY8,2137401126,1,(TPIA)TRIOSEPHOSPHATE ISOMERASE,Aspergillus oryzae,ATGCCTCGCCAATTCTTCGTCGGTGGTAACTTCAAGATGAACGGTACTGCGGAAAGCATTACCGCCATCATCAAGAACCTCAACGAGGCCAAGCTCGACGAGACCACCGAGGTCGTCGTCTCCCCTCCTGCTCTCTACCTGACCCTCGCCCAACAGGTCGCCGACGAGAAGAAGAAGGTTGCCGTTTCCTCCCAGAACGTCTTCGACAAGCCCAACGGTGCTTTCACCGGTGAGATCTCGGTTTCTCAGCTGCAGGATGCCAAGATCCCCTGGACCATCATTGGACACAGCGAGCGCCGTGTCATCCTGAAGGAGACTGACGAGTTCATTGCTCGTAAGGTTAAGGCTGCCATTGACGGTGGCATTAGCGTCATTTTCTGCATCGGTGAGACTCTTGAGGAGCGTGAGGCCGACAAGACCATCGAGGTTGTCACCAAGCAGCTCAACGCTGCCGCTAAGGAGCTCACCAAGGAGCAGTGGTCTAAGGTCGTCATTGCCTACGAGCCCGTCTGGGCCATCGGTACCGGCAAGGTCGCTACCACCCAGCAGGCCCAGGAGGTCCACGCCGCCATCCGCAAGTGGCTCGCCGATGCCATCTCGCCCGAGGCCTCCGAGAACACCCGTATCATCTACGGTGGCTCCGTCAGCGAGAAGAACTGCCGCGAGTTGGCCCAGGAACGCGATGTCGATGGCTTCCTGGTTGGCGGTGCCAGCTTGAAGCCTGCTTTCGTTGATATCATCAATGCTCGTTTGTAA,structures/Q9HGY8_AF.pdb
TPIS_EMENI,1068591802,1,(TPIA)TRIOSEPHOSPHATE ISOMERASE (EC 5.3.1.1) (TIM),Emericella nidulans,ATGCCTCGCAAATTTTTCGTTGGCGGTAACTTCAAGATGAACGGTAATGCCGAGAGCACTACCTCCATCATCAAGAACCTCAACTCTGCCAACCTGGATAAGTCCGTCGAAGTTGTCGTCTCTCCTCCTGCGCTCTACCTACTCCAGGCCCGCGAGGTCGCCAACAAGGAGATTGGAGTTGCTGCCCAGAACGTCTTCGACAAGCCCAATGGTGCTTTCACCGGTGAGATCAGCGTCCAGCAGCTTCGCGAGGCCAACATCGACTGGACCATCCTTGGACACAGTGAGCGCCGCGTTATCCTCAAGGAGACTGATGAGTTCATTGCTCGCAAGACTAAGGCTGCCATTGAGGGTGGCCTGCAAGTGATTTTCTGCATCGGTGAGACGCTTGAGGAGCGTGAGGCCAACAAGACCATCGATGTAGTCACTCGTCAGCTCAACGCGGCGGCTAAGGAGCTCTCCAAGGAGCAGTGGGCCAAGGTTGTCATCGCCTACGAGCCCGTTTGGGCCATTGGAACCGGTAAGGTCGCTACAACCGAGCAGGCCCAGGAAGTCCACTCTGCCATCCGCAAGTGGCTGAAGGACGCCATCTCCGCTGAGGCCGCTGAGAACACCCGGATCATTTATGGCGGCTCAGTGAGTGAGAAGAACTGCAAAGATCTCGCGAAGGAGGCCGATATCGATGGCTTCCTCGTCGGCGGCGCCAGCCTTAAGCCTGCCTTCGTCGATATTGTCAATGCCCGCCTGTAA,structures/TPIS_EMENI_AF.pdb
TPIS_SCHMA,-618474693,1,(TPI)TRIOSEPHOSPHATE ISOMERASE (EC 5.3.1.1) (TIM),Schistosoma mansoni,ATGTCTGGATCTCGCAAATTTTTTGTTGGGGGGAACTGGAAAATGAACGGAAGCAGAGATGACAACGATAAGTTACTTAAGTTACTCTCAGAAGCTCATTTTGATGATAACACGGAAGTTTTAATTGCTCCACCTTCAGTCTTTTTGCACGAAATTCGAAAAAGTTTGAAGAAAGAAATACACGTGGCCGCTCAAAATTGCTATAAAGTATCAAAGGGTGCATTCACCGGAGAAATCAGCCCAGCAATGATAAGAGATATTGGTTGTGATTGGGTCATACTTGGACATTCTGAGCGTAGAAACATTTTTGGTGAATCTGATGAACTTATTGCTGAAAAAGTTCAACATGCACTTGCTGAAGGTCTAAGCGTTATTGCATGTATTGGTGAAACATTATCAGAGCGTGAATCTAATAAAACAGAGGAAGTATGCGTTAGACAGTTAAAAGCTATTGCAAATAAGATTAAATCAGCTGATGAATGGAAACGAGTAGTCGTAGCATATGAACCAGTTTGGGCTATTGGAACAGGTAAAGTTGCTACACCACAACAAGCTCAAGAAGTTCATAATTTCCTTCGTAAATGGTTTAAAACGAATGCACCAAATGGAGTTGATGAAAAAATACGTATTATCTATGGTGGATCTGTAACTGCTGCCAATTGTAAAGAATTAGCTCAACAACATGATGTCGATGGATTTTTGGTTGGTGGAGCTTCATTAAAACCGGAATTCACTGAGATATGTAAAGCCAGACAACGTTGA,structures/TPIS_SCHMA_6OOI.pdb
AAG50278,1068809887,1,Triose phosphate isomerase,Zygosaccharomyces bailii,,structures/AAG50278_AF.pdb
TPIS_LATCH,-652834450,1,TRIOSEPHOSPHATE ISOMERASE (EC 5.3.1.1) (TIM),Latimeria chalumnae,,structures/TPIS_LATCH_AF.pdb
Q9M7R8,560,1,(TIGA)TRIOSEPHOSPHATE ISOMERASE (EC 5.3.1.1) (TIM),Achlya bisexualis,ATGCAAGTCCGCCGCTTTAGTTCCGTCGCCCGCAAGTTTTTTGTCGGCGGCAATTGGAAATGCAATGGATCGTTGTCCCAAGCCCAGTCGCTTGTGGATACACTTAACACGGCCACGATCCCCAAGAACGTCGAAGTGGTGGTTGCTCCAGCTTCCATCCACGCCCTCTCTGTGAAATCCTCGTTGCGTAAAGACATTGGCGTGAGTGGTCAAGACACGTGGAGCCGTGGCAATGGTGCCTTTACTGGCGAAGTGTCTGCTGAGATGCTTAAAGACGCTGGAATTAATTACACAATTATTGGTCATTCGGAACGTCGTCAAAAAGGAGAAACAAATGAAGAAGTGGCGAGCAAGGCTGGATACGCTTTGAGCAAGGGCGTGTCTGTCATTGCTTGTATTGGAGAAACTAAAATTGAACGAGAAGCCCAAAAGACTATGCAAGTTGTCACTGAACAATTGGCTGCGTACGCTAAAAACATCACCGACTGGTCCAATGTTGTCATTGCTTATGAACCTGTTTGGGCTATTGGTACTGGTCTCACTGCTACTCCAGAACAAGCTCAAGAAGTTCATGCTGGTATTCGCTCGTGGCTTAAACAAAATGTAAGCTCTGCCGTGGCTGATGCCACTCGAATTATTTACGGTGGATCTGTCACCGCTGGCAATGCTGCTGAGCTCTCCAAGAAGGCTGATATCGATGGCTTCCTTGTCGGTGGTGCTTCGCTCAAGCCTGATTTCCTCTCAATTATCAATTGCCAAAATGACAAGGCTCATCAAGGTGGCCCTGTCAACATTGCCATCAACGGCTTTGGTCGTATTGGTCGCCTTGTCCTCCGTGCTGCCCAAACGAATCCTTTGCTCAACGTTGTGGCTGTCAACGATCCATTTATTCCAACAGAATACATGGAATACATGCTCAAGCATGACACTGTCCATGGCCACTTCGATGGTACCGTTCGCCATGAAGGCGACCACATCATTGTCAACGATCGCAAAATTCGTGTTTTCGGTGAAAAGGACCCCAAGGCCATCAAATGGGGAGAATCTGATGTTGAATACGTCGTTGAGTCCACTGGTGCTTTTACTACTAAAGAAAAAGCCTCTGCACACCTTTTGAACGGTCCTCGCAAAGTGGTGATTTCGGCTCCATCGGCTGATGCTCCCATGTTCGTCGTTGGTGTCAACCACGACAAATACGATCCTTCCATGAACATCGTCTCGAATGCTTCTTGCACCACCAACTGCCTTGCTCCATTAGCCAAGGTCGTCAATGATAAGTTTGGCATCATCGAAGGTTTGATGACGACTGTGCACGCTGTGACTGCCACCCAACTCACCGTCGATGGGCCCTCGAAGAAAGACTGGCGTGGTGGTCGTGCTGCATGCTTTAACATTATTCCAAGCTCCACAGGCGCGGCTAAAGCTGTGGGCAAAGTTATTCCAGAGCTCAATGGCAAACTCACAGGCATGTCATTCCGTGTCCCCACCGCCAATGTTTCGGTGGTGGATTTGACCGTACGCCTTCGTAATAAAGCTAGCTACGAAGACATCAAGGCTGCCATCAAGTACGCTAGTGAAAATGAACTTCGCGGTATTCTTGGGTACACCGACACTGCAGTTGTCTCGAGCGATTTTATCAGCGATCCACGCTCGTCGATCTTTGATGCCGATGCTGGCATTGTTCTCACCGATGACTTTGTCAAGCTCGTCTCGTGGTACGATAATGAATGGGGCTACTCGAACCGTGTATTGGACCTCATCACGCACATGGTTCACACTGAACGTCAGTAA,structures/Q9M7R8_AF.pdb
Q9GTX8,-1271309730,1,TRIOSE-PHOSPHATE ISOMERASE TTPI,Taenia solium,ATGACGCGTAAGCTGTTTGTCGGTGGCAACTGGAAGATGAATGGCAGTTATAGCCACATCAACACTTTTTTTGATACCCTTCAAAAGGCTGATACAGATCCCAATGCCGATATCGTAATTGGTGTTCCCGCTTGCTACCTGAAGTATGCTCAGGATAAGGCTCCCAAAGGCATTAAAATTGCTGCGGAAAATTGTTACAAAGTTGGCTCTGGTGCATTCACAGGTGAAATCAGTACTGAAATGATAAAAGACTGTGGATGTGAATGGGTCATACTTGGTCACTCTGAGCGTCGCCACATTTTCGGCGAGTCTAACGAGTTGATCGGGGAGAAGGTAAAACATGCTCTTGATTCCGGTCTTAATGTCATTCCTTGCATTGGCGAACTGCTCTCGGAACGTGAAGCTGGTAAAACCAACGACGTTTGCTTCGCTCAAATGGATGCCATTGCCAAAAACGTTCCTTCAAAGGAAGCCTGGGACAAAGTTGTCATTGCTTATGAGCCCGTTTGGGCCATCGGTACCGGCAAGACCGCGACGCCGGCTCAAGCTCAAGAGGTTCACAAGGTTGTTCGCGACTGGATCCGCAAGCATGTGGACGCCGGAATTGCCGACAAAGTTAGAATTCTCTACGGTGGCTCTGTGACGGCTTCCAACGCCAAGGACTTGGGTACTCAACCTGACGTGGATGGATTCCTTGTTGGTGGCGCCTCCTTGAAACCCGACTTCATTACCATTATAAACGCAAGAAGATAA,structures/Q9GTX8_6OOG.pdb
TPIS_CANAL,1067912293,1,(TPI1)TRIOSEPHOSPHATE ISOMERASE (EC 5.3.1.1) (TIM),Candida albicans,ATGGCTCGTCAATTTTTCGTAGGTGGTAACTTCAAAGCTAACGGTACCAAACAACAAATCACTTCAATCATCGACAACTTGAACAAGGCTGATTTACCAAAGGATGTCGAAGTTGTCATTTGTCCACCCGCCCTTTACCTTGGTTTAGCTGTAGAGCAAAACAAACAACCAACTGTTGCCATTGGTGCTCAAAATGTTTTTGACAAGTCATGTGGTGCTTTCACTGGTGAAACCTGTGCTTCTCAAATCTTGGATGTTGGTGCCAGCTGGACTTTAACTGGTCACAGTGAAAGAAGAACCATTATCAAAGAATCCGATGAATTCATTGCTGAAAAAACCAAGTTTGCCTTGGACACTGGTGTCAAAGTTATTTTATGTATTGGTGAAACCTTAGAGGAAAGAAAAGGTGGTGTCACTTTGGATGTTTGTGCCAGACAATTGGATGCTGTTTCCAAGATTGTTTCTGATTGGTCAAACATTGTTGTTGCTTACGAACCTGTTTGGGCAATTGGTACTGGTTTAGCCGCTACCCCAGAAGATGCTGAAGAAACCCACAAAGGTATTAGAGCTCATTTGGCCAAGACCATTGGTGCCGAACAAGCTGAAAAAACCAGAATCTTGTACGGTGGTTCAGTTAACGGTAAGAACGCTAAGGATTTCAAAGACAAAGCAAATGTTGATGGTTTCTTAGTCGGTGGTGCTTCATTAAAACCAGAATTTGTTGATATCATCAAATCTAGATTATAA,structures/TPIS_CANAL_AF.pdb
TPIS_SCHPO,1065152461,1,(TPI1..)TRIOSEPHOSPHATE ISOMERASE (EC 5.3.1.1) (TIM),Schizosaccharomyces pombe,ATGGCACGTAAATTCTTTGTCGGTGGTAACTTTAAGATGAATGGCTCTTTGGAGTCCATGAAGACTATTATTGAGGGTTTGAACACCACCAAGCTTAACGTTGGTGATGTCGAAACTGTCATCTTCCCTCAAAACATGTACCTCATCACCACCCGCCAACAAGTCAAGAAGGATATTGGCGTTGGTGCCCAAAACGTCTTCGACAAGAAGAACGGTGCCTACACTGGTGAGAACAGTGCTCAATCTTTGATTGATGCTGCTATTACCTACACTTTGACTGGTCACTCCGAGCGTCGTACCATCTTCAAGGAGTCTGACGAGTTCGTTGCCGACAAGACCAAGTTTGCCCTTGAACAAGGTCTTACTGTCGTTGCCTGCATTGGTGAGACTTTGGCCGACCGTGAGGCTAACGAGACCATCACCGTTGTTGTTCGTCAATTGAACGCCATCGCTGACAAGGTCCAGAACTGGTCCAAGATTGTCATTGCTTATGAGCCTGTCTGGGCCATTGGTACTGGTAAGACTGGCACCCCTGAGGAAGCTCAAGAGGTTCACGCTGAGATCCGCAAGTGGGCTACCAACAAGCTTGGTGCATCTGTTGCCGAGGGTCTCCGTGTCATCTACGGTGGTTCCGTTACCGGTGGTAACTGCAAGGAGTTCCTCAAGTTCCACGATATTGACGGTTTCTTGGTTGGCGGTGCTTCTCTCAAGCCTGAATTCCCTACTAACATTGTTAATGTTCACAGCCTTTAA,structures/TPIS_SCHPO_7PEJ.pdb
Q9U2R2,-652834479,1,(Y17G7B.7)TRIOSEPHOSPHATE ISOMERASE (EC 5.3.1.1) (TIM),Caenorhabditis elegans,ATGACTCGCAAGTTCTTCGTCGGAGGAAACTGGAAGATGAACGGAGACTATGCCTCCGTCGATGGTATCGTCACCTTCCTCAACGCCTCAGCCGACAATTCCTCCGTTGATGTCGTCGTTGCTCCACCAGCTCCATATCTGGCCTACGCTAAATCCAAGCTTAAAGCCGGTGTGCTTGTCGCCGCACAAAACTGCTACAAAGTGCCAAAGGGAGCATTCACCGGGGAAATTTCGCCGGCAATGATCAAGGATCTTGGATTGGAATGGGTGATCCTCGGACACTCGGAACGTCGTCATGTCTTTGGAGAAAGCGATGCTCTGATCGCTGAGAAGACCGTGCATGCTCTCGAGGCTGGAATTAAGGTCGTTTTCTGCATTGGGGAGAAGCTCGAGGAGCGTGAAGCCGGACACACCAAGGATGTAAACTTCCGTCAACTTCAAGCCATCGTCGACAAGGGTGTCAGCTGGGAGAACATTGTGATCGCCTACGAACCAGTTTGGGCCATCGGAACCGGAAAGACTGCTTCTGGAGAACAAGCCCAGGAGGTTCATGAATGGATCCGTGCATTCCTCAAAGAGAAGGTCTCACCAGCTGTCGCCGATGCCACGAGAATCATTTATGGAGGATCTGTGACTGCTGACAATGCGGCTGACGTTGGAAAGAAGCCGGATATCGATGGATTCTTGGTCGGTGGAGCATCGTTGAAACCCGATTTTGTCAAGATTATCAACGCCAGATCTTAA,structures/Q9U2R2_1MO0.pdb
