ID,Number1,Number2,Description,Organism,CDNA
TPIS_LEIME,889,1,TRIOSEPHOSPHATE ISOMERASE (EC 5.3.1.1) (TIM),Leishmania mexicana,ATGTCCGCCAAGCCCCAGCCGATTGCTGCCGCGAACTGGAAGTGCAACGGCACCACTGCTTCCATCGAAAAGCTGGTGCAGGTGTTCAACGAGCACACTATTTCCCATGACGTGCAGTGCGTTGTGGCGCCAACCTTTGTGCACATCCCACTGGTTCAGGCCAAACTCCGCAACCCCAAGTACGTCATCAGCGCTGAGAACGCGATCGCCAAGAGCGGCGCATTCACAGGTGAAGTCTCGATGCCGATCCTGAAAGACATAGGCGTCCACTGGGTCATTCTGGGCCACTCGGAGCGCCGCACGTACTACGGCGAGACGGACGAGATCGTGGCGCAGAAGGTTTCGGAAGCATGCAAGCAGGGATTCATGGTAATTGCTTGCATTGGGGAAACGCTGCAGCAGCGTGAAGCGAACCAGACAGCGAAGGTGGTGCTGAGCCAGACGTCAGCGATCGCCGCGAAGCTGACGAAGGATGCGTGGAACCAAGTGGTGTTAGCCTACGAGCCCGTCTGGGCCATCGGCACCGGCAAGGTCGCAACCCCCGAACAGGCGCAGGAAGTGCACCTGCTGCTGCGCAAGTGGGTCAGCGAGAACATCGGCACCGACGTCGCCGCGAAACTCCGCATCCTGTATGGCGGCTCCGTCAACGCCGCCAATGCCGCGACGCTCTACGCAAAGCCTGATATCAACGGTTTCCTGGTCGGCGGCGCGTCCCTCAAGCCGGAGTTCCGAGACATCATTGATGCCACCCGGTGA
TPIS_COPJA,1099512295,1,"TRIOSEPHOSPHATE ISOMERASE, CYTOSOLIC (EC 5.3.1.1) (TIM)",Coptis japonica,ATGGGCCGAAAGTTCTTCGTTGGTGGTAACTGGAAATGTAATGGAACAAGTGAAGAGGTGAAAAAGATTGTTACATTATTGAACGAAGCCGAAGTTCCTTCTGAAGATGTTGTTGAGGTGGTGGTGAGTCCTCCATATGTGTTTCTTCCATTTGTGAAGAATTTATTGAGGGCTGATTTCCATGTTGCTGCTCAGAATTGTTGGGTTAAGAAAGGTGGTGCTTTCACCGGTGAGGTTAGTGCGGAGATGCTTGTCAATTTGGGCATTCCTTGGGTGATTCTTGGACATTCTGAAAGAAGAGCATTGCTAAATGAATCAAATGAGTTTGTTGGGGATAAAACTGCATATGCACTTTCTCAAGGCCTGAAAGTGATTGCTTGTGTCGGTGAGACTCTTGAACAGCGAGAAGCTGGATCTACAATCTCTGTTGTTGCTGCGCAAACAAAAGCTATTGCAGAGAAAGTATCCGATTGGACCAACATTGTTGTGGCCTATGAGCCCGTATGGGCTATTGGAACAGGAAAGGTTGCAAGTCCTGCCCAGGCTCAAGAAGTGCATTTTGAATTGAGGAAATGGATTAAAGAGAATGTTGGTGCTGATGTTGCTGGGTCAGTCAGGATTATCTATGGAGGTTCCGTAAATGGTGCAAACTCCAAAGAATTGGCAGGACAGCCTGATATTGACGGTTTCCTTGTTGGAGGTGCTTCTTTAAAGCCTGAATTCGTGGACATTATCAAGTCTGCCACCGTGAAGAGCTCTTAA
TPIS_ARATH,1099512280,1,"(CTIMC..)TRIOSEPHOSPHATE ISOMERASE, CYTOSOLIC (EC 5.3.1.1) (TIM)",Arabidopsis thaliana,ATGGCCAGAAAGTTCTTCGTCGGAGGCAACTGGAAATGTAACGGAACTGCTGAGGAGGTGAAGAAGATTGTGAACACTCTTAATGAAGCTCAGGTTCCTTCACAGGATGTTGTAGAGGTTGTGGTTAGCCCTCCATATGTTTTTCTTCCCCTGGTTAAGAGCACATTGAGGTCTGACTTTTTTGTTGCGGCACAAAACTGTTGGGTTAAGAAAGGAGGTGCTTTCACTGGTGAAGTGAGTGCGGAGATGCTTGTGAACTTGGATATTCCATGGGTTATCCTTGGTCACTCTGAGAGAAGGGCAATCCTTAATGAATCAAGCGAGTTCGTCGGAGACAAGGTTGCCTATGCACTTGCTCAAGGTTTGAAAGTGATTGCTTGTGTTGGTGAGACTCTTGAGGAGCGGGAAGCTGGATCGACCATGGATGTTGTGGCTGCCCAGACCAAGGCTATTGCCGATCGGGTGACAAACTGGTCAAATGTTGTCATAGCCTATGAACCAGTGTGGGCCATTGGAACCGGAAAGGTCGCTAGCCCAGCCCAAGCTCAAGAAGTACACGATGAGCTGAGGAAATGGCTGGCCAAGAACGTGAGTGCTGATGTCGCTGCTACAACCCGCATCATTTATGGAGGATCCGTCAATGGTGGTAACTGCAAGGAGCTAGGTGGACAGGCCGATGTTGATGGTTTCTTGGTCGGTGGTGCTTCTCTAAAGCCTGAGTTTATCGACATCATTAAGGCCGCAGAGGTGAACAAAAGTGCCTAA
AAH04230,-652834400,1,Triosephosphate isomerase 1,Homo sapiens,
TPIS_HUMAN,-652834400,1,(TPI1..)TRIOSEPHOSPHATE ISOMERASE (EC 5.3.1.1) (TIM),Homo sapiens,ATGGCGCCCTCCAGGAAGTTCTTCGTTGGGGGAAACTGGAAGATGAACGGGCGGAAGCAGAGTCTGGGGGAGCTCATCGGCACTCTGAACGCGGCCAAGGTGCCGGCCGACACCGAGGTGGTTTGTGCTCCCCCTACTGCCTATATCGACTTCGCCCGGCAGAAGCTAGATCCCAAGATTGCTGTGGCTGCGCAGAACTGCTACAAAGTGACTAATGGGGCTTTTACTGGGGAGATCAGCCCTGGCATGATCAAAGACTGCGGAGCCACGTGGGTGGTCCTGGGACACTCAGAGAGAAGGCATGTCTTTGGGGAGTCAGATGAGCTGATTGGGCAGAAAGTGGCCCATGCTCTGGCAGAGGGACTCGGAGTAATCGCCTGCATTGGGGAGAAGCTAGATGAAAGGGAAGCTGGCATCACTGAGAAGGTTGTTTTCGAGCAGACAAAGGTCATCGCAGATAACGTGAAGGACTGGAGCAAGGTCGTCCTCGCCTATGAGCCTGTGTGGGCCATTGGTACTGGCAAGACTGCAACACCCCAACAGGCCCAGGAAGTACACGAGAAGCTCCGAGGATGGCTGAAGTCCAACGTCTCTGATGCGGTGGCTCAGAGCACCCGTATCATTTATGGAGGCTCTGTGACTGGGGCAACCTGCAAGGAGCTGGCCAGCCAGCCTGATGTGGATGGCTTCCTTGTGGGTGGTGCTTCCCTCAAGCCCGAATTCGTGGACATCATCAATGCCAAACAATGA
TPIS_CULTA,-652834399,1,(TPI)TRIOSEPHOSPHATE ISOMERASE (EC 5.3.1.1) (TIM),Culex tarsalis,ATGGGTCGTAAGTTCTGCGTTGGAGGCAACTGGAAGATGAACGGCGACAAGGCCAGCATCGCCGATCTGTGCAAGGTGCTGACGACCGGTCCGCTGAACGCCGACACCGAGGTCGTGGTCGGATGTCCGGCCCCGTACCTGACCTTGGCCCGCAGCCAGCTGCCGGACAGCGTTTGCGTTGCCGCCCAGAACTGCTACAAAGTCCCGAAGGGAGCCTTCACCGGTGAAATCTCGCCGGCCATGCTGAAAGATCTGAACATTGGCTGGGTCATCCTGGGCCACTCGGAGCGTCGCGCCATCTTCGGTGAGTCGGACGAGCTGATCGCCGACAAGGTCGCCCACGCTCTGGCCGAGGGCCTCAAGGTCATCGCCTGCATCGGTGAGACGCTGCAGGAGCGCGAGGCTGGCCAAACCGAGGCCGTTTGCTTCCGCCAGACCAAGGCCATCGCCGACAAGGTGAAGGACTGGTCCAACGTTGTGATCGCGTACGAGCCGGTGTGGGCCATCGGAACCGGCAAGACCGCCTCGCCGGAACAGGCCCAGGAGGTGCACGCCGCGCTCAGGAAGTGGTTCACGGAGAACGTGTCCGCCGATGTGTCCGCGGCGATCCGCATCCAGTACGGAGGTTCCGTTACCGCTGCCAACTGCCGCGAGCTGGCCGCCAAGCCCGACATTGACGGATTCCTGGTCGGTGGAGCTTCGCTCAAGCCGGAGTTTATCCAGATTGTCAACGCCAGACAGTAA
TPIS_MACMU,-652834402,1,(TPI1)TRIOSEPHOSPHATE ISOMERASE (EC 5.3.1.1) (TIM),Macaca mulatta,
TPIS_ORYSA,1099512267,1,"(TPI)TRIOSEPHOSPHATE ISOMERASE, CYTOSOLIC (EC 5.3.1.1) (TIM)",Oryza sativa,ATGGGCCGCAAGTTCTTCGTTGGTGGCAACTGGAAATGCAACGGGACCACTGATCAGGTGGACAAAATTGTGAAAATTCTGAATGAGGGACAGATTGCTTCTACAGATGTTGTTGAGGTGGTTGTCAGCCCACCTTATGTGTTCCTTCCCGTGGTCAAGAGTCAGCTGCGCCCGGAGATCCAAGTTGCTGCTCAGAATTGTTGGGTGAAGAAGGGCGGGGCTTTCACCGGTGAGGTCAGCGCTGAGATGCTTGTCAACCTTAGTATTCCCTGGGTTATTCTTGGACACTCTGAAAGGAGGAGTTTGTTGGGTGAATCAAATGAGTTTGTTGGAGACAAAGTGGCATATGCGCTCTCTCAGGGCTTGAAGGTCATTGCATGTGTTGGTGAGACTCTCGAGCAGCGGGAATCTGGATCGACCATGGATGTTGTTGCTGCACAAACAAAAGCAATTTCTGAAAGGATCAAGGATTGGACTAATGTGGTTGTTGCCTATGAACCTGTGTGGGCCATTGGAACTGGTAAAGTTGCTACACCAGATCAAGCACAAGAAGTGCATGATGGCCTGAGGAAGTGGCTCGCTGCTAATGTCAGTGCAGAGGTTGCTGAATCAACAAGGATCATCTATGGAGGTTCCGTAACTGGTGCGAACTGCAAGGAGCTGGCAGCAAAGCCTGATGTTGATGGTTTTCTCGTCGGTGGTGCTTCATTGAAGCCTGAATTCATCGACATCATCAACTCCGCCACCGTGAAGTCCGCCTAA
TPIS_MAIZE,-2123424483,1,"TRIOSEPHOSPHATE ISOMERASE, CYTOSOLIC (EC 5.3.1.1) (TIM)",Zea mays,ATGGGCCGCAAGTTCTTCGTCGGTGGCAACTGGAAATGCAATGGAACCACAGATCAGGTCGAGAAGATTGTCAAAACCCTGAATGAAGGACAGGTTCCCCCTTCAGATGTTGTTGAGGTCGTTGTCAGCCCTCCTTATGTCTTCCTTCCTGTGGTCAAGAGCCAGCTGCGCCAAGAGTTCCATGTTGCTGCTCAGAACTGCTGGGTGAAGAAGGGAGGTGCTTTCACTGGTGAAGTCAGTGCTGAGATGCTCGTCAACCTTGGTGTTCCCTGGGTCATTCTTGGACACTCTGAAAGGAGAGCTCTGCTGGGAGAATCAAATGAATTTGTTGGAGACAAGGTTGCGTATGCCCTGTCTCAGGGACTAAAGGTCATTGCATGTGTTGGTGAGACCCTTGAGCAGAGGGAGGCTGGGTCTACCATGGATGTTGTTGCTGCACAAACAAAAGCAATTGCTGAGAAGATCAAGGACTGGAGCAACGTAGTTGTTGCCTATGAACCAGTTTGGGCTATTGGAACTGGTAAAGTTGCCACCCCAGCTCAGGCTCAGGAAGTGCACGCCTCCCTGAGGGATTGGCTAAAGACCAATGCCAGCCCTGAGGTTGCTGAATCTACTAGGATCATCTACGGAGGCTCTGTAACTGCTGCGAACTGCAAAGAGCTAGCAGCACAGCCTGATGTCGATGGTTTTCTTGTCGGTGGAGCTTCTTTGAAGCCTGAGTTCATCGACATCATCAACGCGGCCACCGTGAAGTCCGCTTAA
O77458,415479998,1,(TPI)TRIOSEPHOSPHATE ISOMERASE (EC 5.3.1.1) (TIM),Drosophila yakuba,ATGAGCCGAAAGTTCTGCGTGGGAGGCAACTGGAAGATGAACGGCGACCAGAAGTCCATCGCCGAGATCGCCAAGACCCTCAGCTCCGCCGCCCTGGACCCCAACACGGAGGTGGTCATTGGCTGCCCGGCCATCTACTTGATGTACGCCCGCAACCTGCTGCCCTGCGAACTGGGTCTGGCCGGCCAGAATGCCTACAAGGTGGCCAAGGGTGCCTTCACCGGCGAGATCTCGCCGGCAATGCTGAAGGACATCGGCGCCGACTGGGTGATCCTTGGACACTCGGAGCGTCGCGCCATCTTTGGCGAGTCGGACGCCCTGATCGCCGAGAAGGCCGAGCACGCCCTGGCCGAGGGCCTCAAGGTCATCGCCTGCATTGGTGAGACCCTGGAGGAGCGCGAGGCCGGCAAGACCAACGAGGTGGTGGCCCGCCAGATGTGCGCCTACGCCCAGAAGATCAAGGACTGGAAGAACGTGGTGGTGGCCTACGAGCCCGTCTGGGCCATTGGCACCGGCAAGACCGCCACACCCGATCAGGCACAAGAAGTCCACGCCTTCCTGCGCCAGTGGCTGAGCGACAACATCTCCAAGGAGGTCTCCGCCAGCCTGCGCATCCAGTACGGTGGATCCGTGACCGCCGCCAACGCCAAGGAGCTGGCCAAGAAGCCCGACATAGATGGCTTCCTCGTCGGAGGCGCCTCCCTGAAGCCCGAGTTCGTGGACATCATCAATGCCCGCCAGTAA
TPIS_CHICK,-652834408,1,(TPI1)TRIOSEPHOSPHATE ISOMERASE (EC 5.3.1.1) (TIM),Gallus gallus,ATGGCTCCCAGGAAGTTCTTCGTGGGTGGCAACTGGAAGATGAACGGCGACAAGAAGAGCTTGGGCGAGCTCATCCACACGCTGAATGGCGCCAAGCTCTCGGCCGACACCGAGGTGGTTTGCGGAGCCCCTTCAATCTACCTTGATTTTGCCCGCCAGAAGCTTGATGCAAAGATTGGAGTTGCAGCACAAAACTGTTACAAGGTACCGAAGGGTGCTTTCACAGGAGAGATCAGCCCAGCAATGATCAAAGATATTGGAGCTGCATGGGTGATCCTGGGCCACTCAGAGCGGAGGCATGTTTTTGGAGAGTCTGATGAGTTGATTGGGCAGAAGGTGGCTCATGCTCTTGCTGAAGGCCTCGGTGTCATCGCCTGCATTGGGGAGAAGCTGGATGAGAGAGAAGCTGGCATAACGGAGAAGGTGGTCTTTGAACAGACCAAAGCTATTGCTGATAACGTGAAGGACTGGAGTAAGGTGGTTCTTGCCTATGAGCCAGTTTGGGCTATCGGAACTGGTAAAACTGCTACTCCCCAACAGGCTCAGGAGGTTCATGAGAAGCTGAGAGGCTGGCTCAAAAGCCACGTGTCTGATGCTGTTGCTCAGTCAACTAGGATCATCTATGGAGGTTCAGTCACTGGTGGCAACTGTAAGGAACTGGCCTCCCAGCATGATGTGGATGGCTTCCTTGTTGGTGGGGCTTCTCTCAAGCCAGAGTTTGTGGATATTATCAATGCAAAACATTAA
O76996,415479995,1,(TPI)TRIOSEPHOSPHATE ISOMERASE (EC 5.3.1.1) (TIM),Drosophila simulans,ATGAGCCGAAAGTTCTGCGTGGGAGGCAACTGGAAGATGAACGGCGACCAGAAGTCCATCGCCGAGATCGCCAAGACCCTGAGCTCGGCCGCCCTCGACCCCAACACGGAGGTGGTCATCGGCTGCCCGGCCATCTACCTGATGTACGCCCGCAACCTGCTTCCCTGCGAGCTGGGTCTGGCCGGCCAGAACGCCTACAAGGTGGCCAAGGGCGCCTTCACCGGCGAGATCTCGCCTGCGATGCTGAAGGACATCGGCGCCGACTGGGTGATCCTGGGACACTCGGAGCGCCGCGCCATTTTCGGCGAGTCGGACGCCCTGATCGCCGAGAAGGCCGAGCACGCTCTGGCCGAGGGCCTCAAGGTCATCGCCTGCATTGGTGAGACCCTGGAGGAGCGCGAGGCTGGCAAGACCAACGAGGTGGTGGCCCGCCAGATGTGCGCCTACGCCCAGAAGATCAAGGACTGGAAGAACGTGGTGGTGGCCTACGAGCCCGTCTGGGCCATTGGCACCGGCAAGACCGCCACACCCGATCAGGCTCAAGAGGTCCACGCCTTCCTGCGCCAGTGGCTGAGCGACAACATCTCCAAGGAGGTGTCCGCCAGCCTCCGCATCCAGTACGGTGGATCCGTGACCGCCGCCAACGCCAAGGAGCTGGCCAAGAAGCCCGACATCGATGGCTTCCTGGTCGGAGGCGCCTCCCTGAAGCCCGAGTTCGTGGACATCATCAACGCCCGGCAGTAA
Q9FS79,1099512262,1,(TPIS)TRIOSEPHOSPHAT-ISOMERASE,Triticum aestivum,ATGGGCCGCAAGTTCTTCGTCGGCGGCAACTGGAAATGCAATGGAACTGTCGAACAGGTAGAGAGCATCGTCAATACTCTGAACGCTGGACAGATCGCCTCTACGGATGTTGTCGAGGTTGTCGTTAGCCCGCCCTATGTCTTCCTTCCCACCGTCAAGGGTAAGCTGCGCCCAGAGATCCAAGTTGCTGCTCAGAACTGCTGGGTGAAGAAGGGCGGTGCTTTCACCGGTGAAGTCAGTGCTGAGATGCTTGTCAACCTCGGCGTTCCCTGGGTCATCCTTGGACACTCTGAAAGGAGGAGCTTGATGGGAGAATCAAGCGAGTTTGTTGGAGAGAAGGTTGCATATGCACTCGCTCAGGGCTTGAAGGTCATTGCATGTGTTGGTGAGACTCTTGAGCAGCGAGAAGCTGGATCAACCATGGCGGTTGTCGCTGAACAGACAAAAGCAATTGCTGACAAGATCAAGGACTGGACCAACGTGGTCGTCGCCTATGAACCAGTGTGGGCCATTGGCACCGGTAAAGTTGCATCACCGGCTCAGGCACAGGAAGTCCATGCCAATCTGAGGGACTGGCTCAAGACCAATGTGAGCCCCGAGGTTGCTGAATCCACGAGGATCATCTATGGAGGATCTGTAACTGGCGCAAGCTGCAAGGAGTTGGCCGCGCAGCCCGACGTCGATGGTTTCCTCGTTGGTGGAGCTTCCTTGAAGCCTGAGTTCATCGACATCATCAACGCCGCCGCCGTGAAGTCCGCCTAA
O76995,415479994,1,(TPI..)TRIOSEPHOSPHATE ISOMERASE (EC 5.3.1.1) (TIM),Drosophila melanogaster,ATGAGCCGAAAGTTCTGCGTGGGAGGCAACTGGAAGATGAACGGCGACCAGAAGTCCATCGCCGAGATCGCCAAGACCCTGAGCTCGGCCGCCCTCGACCCCAACACGGAGGTGGTCATCGGCTGCCCGGCCATCTACCTGATGTACGCCCGCAACCTGCTGCCCTGCGAGCTGGGTCTGGCCGGCCAGAATGCCTACAAGGTGGCCAAGGGCGCATTCACCGGCGAGATCTCCCCTGCGATGCTGAAGGACATCGGCGCCGACTGGGTGATCCTGGGACACTCGGAGCGTCGCGCCATCTTCGGCGAATCGGACGCCCTGATCGCCGAGAAGGCCGAGCACGCCCTGGCCGAGGGCCTCAAGGTCATCGCCTGCATTGGTGAGACCCTGGAGGAGCGCGAGGCCGGCAAGACCAACGAGGTGGTGGCCCGCCAAATGTGCGCCTACGCCCAAAAGATCAAGGACTGGAAGAACGTGGTGGTGGCCTACGAACCCGTCTGGGCCATTGGCACCGGCAAGACCGCCACACCCGATCAGGCTCAAGAGGTCCACGCTTCCCTGCGCCAGTGGCTGAGCGACAACATCTCCAAGGAGGTGTCCGCCAGCCTGCGCATCCAGTACGGTGGATCCGTGACCGCCGCCAACGCCAAGGAGCTGGCCAAGAAGCCCGACATCGATGGCTTCCTGGTCGGTGGCGCCTCCCTGAAGCCCGAGTTCTTGGACATCATCAACGCCCGGCAGTAA
TPIS_RABIT,-652834410,1,(TPI1)TRIOSEPHOSPHATE ISOMERASE (EC 5.3.1.1) (TIM),Oryctolagus cuniculus,
Q9TY56,415479993,1,(TPI..)TRIOSEPHOSPHATE ISOMERASE (EC 5.3.1.1) (TIM),Drosophila melanogaster,ATGAGCCGAAAGTTCTGCGTGGGAGGCAACTGGAAGATGAACGGCGACCAGAAGTCCATCGCCGAGATCGCCAAGACCCTGAGCTCGGCCGCCCTCGACCCCAACACGGAGGTGGTCATCGGCTGCCCGGCCATCTACCTGATGTACGCCCGCAACCTGCTGCCCTGCGAGCTGGGTCTGGCCGGCCAGAATGCCTACAAGGTGGCCAAGGGCGCATTCACCGGCGAGATCTCCCCTGCGATGCTGAAGGACATCGGCGCCGACTGGGTGATCCTGGGACACTCGGAGCGTCGCGCCATCTTCGGCGAATCGGACGCCCTGATCGCCGAGAAGGCCGAGCACGCCCTGGCCGAGGGCCTCAAGGTCATCGCCTGCATTGGTGAGACCCTGGAGGAGCGCGAGGCCGGCAAGACCAACGAGGTGGTGGCCCGCCAAATGTGCGCCTACGCCCAAAAGATCAAGGACTGGAAGAACGTGGTGGTGGCCTACGAACCCGTCTGGGCCATTGGCACCGGCAAGACCGCCACACCCGATCAGGCTCAAGAGGTCCACGCTTCCCTGCGCCAGTGGCTGAGCGACAACATCTCCAAGGAGGTGTCCGCCAGCCTGCGCATCCAGTACGGTGGATCCGTGACCGCCGCCAACGCCAAGGAGCTGGCCAAGAAGCCCGACATCGATGGCTTCCTGGTCGGTGGCGCCTCCCTGAAGCCCGAGTTCTTGGACATCATCAACGCCCGGCAGTAA
TPIS_DROME,415479993,1,(TPI)TRIOSEPHOSPHATE ISOMERASE (EC 5.3.1.1) (TIM),Drosophila melanogaster,ATGAGCCGAAAGTTCTGCGTGGGAGGCAACTGGAAGATGAACGGCGACCAGAAGTCCATCGCCGAGATCGCCAAGACCCTGAGCTCGGCCGCCCTCGACCCCAACACGGAGGTGGTCATCGGCTGCCCGGCCATCTACCTGATGTACGCCCGCAACCTGCTGCCCTGCGAGCTGGGTCTGGCCGGCCAGAATGCCTACAAGGTGGCCAAGGGCGCATTCACCGGCGAGATCTCCCCTGCGATGCTGAAGGACATCGGCGCCGACTGGGTGATCCTGGGACACTCGGAGCGTCGCGCCATCTTCGGCGAATCGGACGCCCTGATCGCCGAGAAGGCCGAGCACGCCCTGGCCGAGGGCCTCAAGGTCATCGCCTGCATTGGTGAGACCCTGGAGGAGCGCGAGGCCGGCAAGACCAACGAGGTGGTGGCCCGCCAAATGTGCGCCTACGCCCAAAAGATCAAGGACTGGAAGAACGTGGTGGTGGCCTACGAACCCGTCTGGGCCATTGGCACCGGCAAGACCGCCACACCCGATCAGGCTCAAGAGGTCCACGCTTCCCTGCGCCAGTGGCTGAGCGACAACATCTCCAAGGAGGTGTCCGCCAGCCTGCGCATCCAGTACGGTGGATCCGTGACCGCCGCCAACGCCAAGGAGCTGGCCAAGAAGCCCGACATCGATGGCTTCCTGGTCGGTGGCGCCTCCCTGAAGCCCGAGTTCTTGGACATCATCAACGCCCGGCAGTAA
TPIS_HORVU,1099512259,1,"TRIOSEPHOSPHATE ISOMERASE, CYTOSOLIC (EC 5.3.1.1) (TIM)",Hordeum vulgare,ATGGGCCGCAAGTTCTTCGTCGGCGGCAACTGGAAATGCAATGGAACCGTCGAGCAGGTAGAGGCGATCGTCCAAACTCTGAACGCTGGACAGATCGTCTCTCCGGATGTTGTCGAGGTTGTTGTCAGCCCGCCCTATGTCTTCCTTCCCATCGTCAAGGCTAAGCTGCGCCCAGAGATCCAAGTTGCTGCTCAGAACTGCTGGGTGAAGAAGGGCGGTGCTTTCACCGGTGAAGTCAGTGCTGAGATGCTTGCCAACCTTGGCGTTCCCTGGGTCATTCTTGGACACTCTGAGAGGAGGAGCTTGTTGGGAGAGTCAAGTGAGTTTGTTGGCGAGAAAGTTGCATATGCACTCGCTCAGGGCTTGAAGGTCATTGCATGTGTTGGTGAGACTCTCGAGCAGCGAGAAGCTGGATCAACCATGGAAGTTGTCGCTGAACAGACAAAAGCAATTGCTGGCAAGATCAAGGACTGGTCCAACGGGGTCGTTGCTTACGAACCAGTGTGGGCCATCGGCACCGGTAAAGTTGCGACACCGGCTCAGGCGCAGGAAGTCCATGCCAATCTGAGGGACTGGCTCAAGACCAACGTGAGCCCTGAGGTTGCTGAATCCACACGTATCATCTATGGAGGATCGGTGACTGGCGCAAGCTGCAAGGAGTTGGCCGCGCAGGCCGACGTCGATGGTTTCCTCGTCGGTGGAGCTTCTTTGAAGCCGGAGTTCATCGACATAATCAACGCTGCCGCCGTGAAGTCCGCCTAA
TPIS_YEAST,1068809924,1,(TPI1..)TRIOSEPHOSPHATE ISOMERASE (EC 5.3.1.1) (TIM),Saccharomyces cerevisiae,ATGGCTAGAACTTTCTTTGTCGGTGGTAACTTTAAATTAAACGGTTCCAAACAATCCATTAAGGAAATTGTTGAAAGATTGAACACTGCTTCTATCCCAGAAAATGTCGAAGTTGTTATCTGTCCTCCAGCTACCTACTTAGACTACTCTGTCTCTTTGGTTAAGAAGCCACAAGTCACTGTCGGTGCTCAAAACGCCTACTTGAAGGCTTCTGGTGCTTTCACCGGTGAAAACTCCGTTGACCAAATCAAGGATGTTGGTGCTAAGTGGGTTATTTTGGGTCACTCCGAAAGAAGATCTTACTTCCACGAAGATGACAAGTTCATTGCTGACAAGACCAAGTTCGCTTTAGGTCAAGGTGTCGGTGTCATCTTGTGTATCGGTGAAACTTTGGAAGAAAAGAAGGCCGGTAAGACTTTGGATGTTGTTGAAAGACAATTGAACGCTGTCTTGGAAGAAGTTAAGGACTGGACTAACGTCGTTGTCGCTTACGAACCAGTCTGGGCCATTGGTACCGGTTTGGCTGCTACTCCAGAAGATGCTCAAGATATTCACGCTTCCATCAGAAAGTTCTTGGCTTCCAAGTTGGGTGACAAGGCTGCCAGCGAATTGAGAATCTTATACGGTGGTTCCGCTAACGGTAGCAACGCCGTTACCTTCAAGGACAAGGCTGATGTCGATGGTTTCTTGGTCGGTGGTGCTTCTTTGAAGCCAGAATTTGTTGATATCATCAACTCTAGAAACTAA
TPIS_SECCE,1099512254,1,"TRIOSEPHOSPHATE ISOMERASE, CYTOSOLIC (EC 5.3.1.1) (TIM)",Secale cereale,ATGGGCCGCAAGTTCTTCGTCGGCGGCAACTGGAAATGCAATGGAACCGTCTCTCAGGTAGAGACTATCGTCAATACTCTGAACGCTGGACAGATCGCCTCTCCGGATGTTGTGGAGGTTGTTGTCAGCCCGCCCTATGTCTTCCTTCCCACCGTCAAGGATAAGCTGCGTCCAGAGATCCAGGTTGCTGCTCAGAACTGCTGGGTGAAGAAGGGCGGTGCTTTCACTGGTGAAGTCAGTGCTGAGATGCTTGTCAACCTCGGCATTCCCTGGGTCATTCTTGGACACTCTGAAAGGAGGAGCTTGTTGGCAGAATCGAGTGAGTTTGTTGGAGAGAAGGTTGCATATGCACTCGCTCAGGGCTTGAAGGTCATTGCATGTGTTGGTGAGACTCTCGAGCAGCGAGAAGCTGGATCAACCATGGAAGTTGTCGCTGAACAGACAAAGGCAATTGCTGACAAGATCAAGGACTGGACTAATGTGGTTGTTGCCTACGAGCCAGTGTGGGCCATTGGCACCGGTAAAGTTGCATCACCAGCTCAGGCACAGGAAGTCCATGCCAACCTGAGGGACTGGCTCAAGACCAATGTGAGCCCCGAGGTTGCTGAATCCACGAGGATCATCTACGGAGGATCTGTAACTGGAGCAAGCTGCAAGGAGTTGGCTGCGCAGCCCGACGTCGATGGTTTCCTTGTTGGTGGAGCTTCTTTGAAGCCTGAGTTCATCGACATCATCAACGCCGCCACCGTGAAGTCTGCCTAA
TPIS_MOUSE,-652834417,1,(TPI1..)TRIOSEPHOSPHATE ISOMERASE (EC 5.3.1.1) (TIM),Mus musculus,ATGTGCCGAGCCATCTCTCTTAGGCGCTTGCTGCTGCTGCTGCTGCAGCTGTCACAACTCCTAGCTGTCACTCAAGGGAAGACGCTGGTGCTGGGGAAGGAAGGGGAATCAGCAGAACTGCCCTGCGAGAGTTCCCAGAAGAAGATCACAGTCTTCACCTGGAAGTTCTCTGACCAGAGGAAGATTCTGGGGCAGCATGGCAAAGGTGTATTAATTAGAGGAGGTTCGCCTTCGCAGTTTGATCGTTTTGATTCCAAAAAAGGGGCATGGGAGAAAGGATCGTTTCCTCTCATCATCAATAAACTTAAGATGGAAGACTCTCAGACTTATATCTGTGAGCTGGAGAACAGGAAAGAGGAGGTGGAGTTGTGGGTGTTCAAAGTGACCTTCAGTCCGGGTACCAGCCTGTTGCAAGGGCAGAGCCTGACCCTGACCTTGGATAGCAACTCTAAGGTCTCTAACCCCTTGACAGAGTGCAAACACAAAAAGGGTAAAGTTGTCAGTGGTTCCAAAGTTCTCTCCATGTCCAACCTAAGGGTTCAGGACAGCGACTTCTGGAACTGCACCGTGACCCTGGACCAGAAAAAGAACTGGTTCGGCATGACACTCTCAGTGCTGGGTTTTCAGAGCACAGCTATCACGGCCTATAAGAGTGAGGGAGAGTCAGCGGAGTTCTCCTTCCCACTCAACTTTGCAGAGGAAAACGGGTGGGGAGAGCTGATGTGGAAGGCAGAGAAGGATTCTTTCTTCCAGCCCTGGATCTCCTTCTCCATAAAGAACAAAGAGGTGTCCGTACAAAAGTCCACCAAAGACCTCAAGCTCCAGCTGAAGGAAACGCTCCCACTCACCCTCAAGATACCCCAGGTCTCGCTTCAGTTTGCTGGTTCTGGCAACCTGACTCTGACTCTGGACAAAGGGACACTGCATCAGGAAGTGAACCTGGTGGTGATGAAAGTGGCTCAGCTCAACAATACTTTGACCTGTGAGGTGATGGGACCTACCTCTCCCAAGATGAGACTGACCCTGAAGCAGGAGAACCAGGAGGCCAGGGTCTCTGAGGAGCAGAAAGTAGTTCAAGTGGTGGCCCCTGAGACAGGGCTGTGGCAGTGTCTACTGAGTGAAGGTGATAAGGTCAAGATGGACTCCAGGATCCAGGTTTTATCCAGAGGGGTGAACCAGACAGTGTTCCTGGCTTGCGTGCTGGGTGGCTCCTTCGGCTTTCTGGGTTTCCTTGGGCTCTGCATCCTCTGCTGTGTCAGGTGCCGGCACCAACAGCGCCAGGCAGCACGAATGTCTCAGATCAAGAGGCTCCTCAGTGAGAAGAAGACCTGCCAGTGCCCCCACCGGATGCAGAAGAGCCATAATCTCATCTGA
Q9CWE7,-652834418,1,(TPI)TRIOSEPHOSPHATE ISOMERASE,Mus musculus,ATGTGCCGAGCCATCTCTCTTAGGCGCTTGCTGCTGCTGCTGCTGCAGCTGTCACAACTCCTAGCTGTCACTCAAGGGAAGACGCTGGTGCTGGGGAAGGAAGGGGAATCAGCAGAACTGCCCTGCGAGAGTTCCCAGAAGAAGATCACAGTCTTCACCTGGAAGTTCTCTGACCAGAGGAAGATTCTGGGGCAGCATGGCAAAGGTGTATTAATTAGAGGAGGTTCGCCTTCGCAGTTTGATCGTTTTGATTCCAAAAAAGGGGCATGGGAGAAAGGATCGTTTCCTCTCATCATCAATAAACTTAAGATGGAAGACTCTCAGACTTATATCTGTGAGCTGGAGAACAGGAAAGAGGAGGTGGAGTTGTGGGTGTTCAAAGTGACCTTCAGTCCGGGTACCAGCCTGTTGCAAGGGCAGAGCCTGACCCTGACCTTGGATAGCAACTCTAAGGTCTCTAACCCCTTGACAGAGTGCAAACACAAAAAGGGTAAAGTTGTCAGTGGTTCCAAAGTTCTCTCCATGTCCAACCTAAGGGTTCAGGACAGCGACTTCTGGAACTGCACCGTGACCCTGGACCAGAAAAAGAACTGGTTCGGCATGACACTCTCAGTGCTGGGTTTTCAGAGCACAGCTATCACGGCCTATAAGAGTGAGGGAGAGTCAGCGGAGTTCTCCTTCCCACTCAACTTTGCAGAGGAAAACGGGTGGGGAGAGCTGATGTGGAAGGCAGAGAAGGATTCTTTCTTCCAGCCCTGGATCTCCTTCTCCATAAAGAACAAAGAGGTGTCCGTACAAAAGTCCACCAAAGACCTCAAGCTCCAGCTGAAGGAAACGCTCCCACTCACCCTCAAGATACCCCAGGTCTCGCTTCAGTTTGCTGGTTCTGGCAACCTGACTCTGACTCTGGACAAAGGGACACTGCATCAGGAAGTGAACCTGGTGGTGATGAAAGTGGCTCAGCTCAACAATACTTTGACCTGTGAGGTGATGGGACCTACCTCTCCCAAGATGAGACTGACCCTGAAGCAGGAGAACCAGGAGGCCAGGGTCTCTGAGGAGCAGAAAGTAGTTCAAGTGGTGGCCCCTGAGACAGGGCTGTGGCAGTGTCTACTGAGTGAAGGTGATAAGGTCAAGATGGACTCCAGGATCCAGGTTTTATCCAGAGGGGTGAACCAGACAGTGTTCCTGGCTTGCGTGCTGGGTGGCTCCTTCGGCTTTCTGGGTTTCCTTGGGCTCTGCATCCTCTGCTGTGTCAGGTGCCGGCACCAACAGCGCCAGGCAGCACGAATGTCTCAGATCAAGAGGCTCCTCAGTGAGAAGAAGACCTGCCAGTGCCCCCACCGGATGCAGAAGAGCCATAATCTCATCTGA
TPIS_STELP,-714239003,1,"TRIOSEPHOSPHATE ISOMERASE, CYTOSOLIC (EC 5.3.1.1) (TIM)",Stellaria longipes,ATGGGCCGTAAGTTCTTCGTCGGTGGTAACTGGAAATGCAATGGCACACAAGAATCGGTATCGAAGATCGTGGATACCCTGAATGAACCTACGATTGCCGCTAACGATGTTGTTACTGTGGTTGTCAGTCCCCCTTATGTCTTTCTACCTGATGAAAATGCCGAGCTGAAGCACGAGATCCAAGTGGCTGCTCAGAACTGCTGGGTCAAGAAAGGGGGTGCTTTCACTGGTGAAGTCAGTGCTCAAATGCTGGCTAATTTGGGTATCACATGGGTTATCCTGGGACACTCAGAAAGGAGAACTCTATTAGGCGAGTCTAACGAGTTCGTCGGGAAAAAGGCTGCATATGCTCAGAGTGAAGGCCTTGGAGTTATTGCTTGTATTGGGGAGCTGTTAGAAGAAAGAGAAGCGGGGAAAACCTTTGATGTTTGCTTCAAGCAATTGAAGTCTTTTGCCAGATTTCCTGCCAAGCCGTGGGACAATGTTGTTGTCGCATACGAGCCTGTATGGGCTATTGGTACTGGTAAAGTAGCTTCGCCTGAGCAAGCTCAGGAAGTGCATGTTGCTGTTCGGGATTGGCTTAAAACGAATGTTTCTGAAGAAGTTGCATCCAAGACCCGCATTATATATGGAGGTTCTGTTAATGGAGGCAATTCTCTAGCTCTTGCAGCACAAGAGGACGTCGACGGTTTTCTAGTTGGAGGTGCCTCCTTGAAGGGACCAGAATTTGCGACGATTATTAATTCAGTGACAGCAAAAAAGGTTGCTGCCTGA
TPIS_RAT,-652834426,1,(TPI1)TRIOSEPHOSPHATE ISOMERASE (EC 5.3.1.1) (TIM),Rattus norvegicus,ATGGCGCCTTCCAGGAAGTTCTTCGTCGGGGGCAACTGGAAGATGAACGGGAGGAAGAAATGCCTGGGAGAACTCATCTGCACTCTGAACGCAGCCAAGCTGCCGGCAGACACCGAGGTGGTTTGTGCACCGCCAACCGCCTACATCGACTTCGCCAGGCAGAAGCTGGATCCCAAAATTGCTGTGGCTGCACAGAACTGCTACAAAGTGACCAATGGGGCCTTCACTGGGGAAATCAGTCCTGGCATGATCAAGGACTTAGGAGCTACCTGGGTGGTGCTGGGACACTCTGAAAGAAGACACATCTTTGGGGAATCAGACGAGTTGATTGGGCAGAAAGTGAACCATGCCCTATCCGAGGGACTCGAGGTGATCGCCTGCATTGGGGAGAAGTTAGACGAAAGGGAAGCTGGCATCACTGAGAAGGTTGTTTTTGAGCAAACCAAGGCCATCGCAGATAATGTGAAGGACTGGTGCAAGGTGGTCCTGGCCTATGAACCAGTATGGGCCATTGGGACTGGCAAGACTGCAACCCCTCAACAGGCCCAGGAAGTACACGAGAAGCTCCGGGGATGGCTGAAATGCAACGTCTCTGAGGGGGTGGCTCAGTGCACTCGGATCATTTATGGAGGTTCTGTGACTGGAGCGACTTGCAAAGAGCTGGCAAGCCAGCCTGATGTGGATGGCTTCCTCGTGGGCGGTGCATCTCTCAAGCCTGAATTCGTGGACATTATCAATGCCAAACAATGA
TPIS_SCHJA,-618474683,1,(TPI)TRIOSEPHOSPHATE ISOMERASE (EC 5.3.1.1) (TIM),Schistosoma japonicum,ATGTCTGGTTCTCGGAAATTTTTTGTTGGGGGTAATTGGAAGATGAATGGCAGTAGAGCCGACAACAAAGTTTTGATTCATTCTTTGTCTGAGGCTCATTTTTGTGGAGACACTGAAATTTTAATTGCTGCACCTTTCGTTTATCTAAATGAAGTTCGGCAAAGCTTAGCTAAAGAGATACACGTGGCTGCTCAAAATTGCTATAAGGTACCAAAGGGTGCATTTACTGGGGAAATCAGTCCTTCAATGATAAAAGATGTTGGTTGTGATTGGGTTATACTTGGTCATTCTGAACGAAGAAGTATATTTAATGAATCCGATGAGCTTGTAGCTGAAAAAGTTCAACATGCACTTGCAGAAGGTCTAAGCGTTGTAGCATGTATTGGGGAAACACTATCAGAGCGTGAATCTGGTAAAACAGAAGAAGTGTGTGTAAGACAATTAAATGCTATTGCTAATAAGATTAAATCAATTGATGAATGGAAACGAGTTGTTGTAGCATATGAACCTGTATGGGCTATTGGAACAGGTAAAGTTGCTTCACCAGGTCAAGCTCAAGAAGTTCATAATTTTCTTCGTAAATGGTTTAAAACAAATACACCATCTGGAGTTGACCAACAAATACGTATTATCTATGGTGGATCAGTAACCGCAGCAAATTGTAAAGAATTAGCTCAACAACATGATGTGGATGGATTTTTAGTTGGTGGTGCTTCATTAAAACCGGAATTTATTGATATATGTAAAGCTAGACAATAA
Q9HGY8,2137401126,1,(TPIA)TRIOSEPHOSPHATE ISOMERASE,Aspergillus oryzae,ATGCCTCGCCAATTCTTCGTCGGTGGTAACTTCAAGATGAACGGTACTGCGGAAAGCATTACCGCCATCATCAAGAACCTCAACGAGGCCAAGCTCGACGAGACCACCGAGGTCGTCGTCTCCCCTCCTGCTCTCTACCTGACCCTCGCCCAACAGGTCGCCGACGAGAAGAAGAAGGTTGCCGTTTCCTCCCAGAACGTCTTCGACAAGCCCAACGGTGCTTTCACCGGTGAGATCTCGGTTTCTCAGCTGCAGGATGCCAAGATCCCCTGGACCATCATTGGACACAGCGAGCGCCGTGTCATCCTGAAGGAGACTGACGAGTTCATTGCTCGTAAGGTTAAGGCTGCCATTGACGGTGGCATTAGCGTCATTTTCTGCATCGGTGAGACTCTTGAGGAGCGTGAGGCCGACAAGACCATCGAGGTTGTCACCAAGCAGCTCAACGCTGCCGCTAAGGAGCTCACCAAGGAGCAGTGGTCTAAGGTCGTCATTGCCTACGAGCCCGTCTGGGCCATCGGTACCGGCAAGGTCGCTACCACCCAGCAGGCCCAGGAGGTCCACGCCGCCATCCGCAAGTGGCTCGCCGATGCCATCTCGCCCGAGGCCTCCGAGAACACCCGTATCATCTACGGTGGCTCCGTCAGCGAGAAGAACTGCCGCGAGTTGGCCCAGGAACGCGATGTCGATGGCTTCCTGGTTGGCGGTGCCAGCTTGAAGCCTGCTTTCGTTGATATCATCAATGCTCGTTTGTAA
TPIS_EMENI,1068591802,1,(TPIA)TRIOSEPHOSPHATE ISOMERASE (EC 5.3.1.1) (TIM),Emericella nidulans,ATGCCTCGCAAATTTTTCGTTGGCGGTAACTTCAAGATGAACGGTAATGCCGAGAGCACTACCTCCATCATCAAGAACCTCAACTCTGCCAACCTGGATAAGTCCGTCGAAGTTGTCGTCTCTCCTCCTGCGCTCTACCTACTCCAGGCCCGCGAGGTCGCCAACAAGGAGATTGGAGTTGCTGCCCAGAACGTCTTCGACAAGCCCAATGGTGCTTTCACCGGTGAGATCAGCGTCCAGCAGCTTCGCGAGGCCAACATCGACTGGACCATCCTTGGACACAGTGAGCGCCGCGTTATCCTCAAGGAGACTGATGAGTTCATTGCTCGCAAGACTAAGGCTGCCATTGAGGGTGGCCTGCAAGTGATTTTCTGCATCGGTGAGACGCTTGAGGAGCGTGAGGCCAACAAGACCATCGATGTAGTCACTCGTCAGCTCAACGCGGCGGCTAAGGAGCTCTCCAAGGAGCAGTGGGCCAAGGTTGTCATCGCCTACGAGCCCGTTTGGGCCATTGGAACCGGTAAGGTCGCTACAACCGAGCAGGCCCAGGAAGTCCACTCTGCCATCCGCAAGTGGCTGAAGGACGCCATCTCCGCTGAGGCCGCTGAGAACACCCGGATCATTTATGGCGGCTCAGTGAGTGAGAAGAACTGCAAAGATCTCGCGAAGGAGGCCGATATCGATGGCTTCCTCGTCGGCGGCGCCAGCCTTAAGCCTGCCTTCGTCGATATTGTCAATGCCCGCCTGTAA
TPIS_SCHMA,-618474693,1,(TPI)TRIOSEPHOSPHATE ISOMERASE (EC 5.3.1.1) (TIM),Schistosoma mansoni,ATGTCTGGATCTCGCAAATTTTTTGTTGGGGGGAACTGGAAAATGAACGGAAGCAGAGATGACAACGATAAGTTACTTAAGTTACTCTCAGAAGCTCATTTTGATGATAACACGGAAGTTTTAATTGCTCCACCTTCAGTCTTTTTGCACGAAATTCGAAAAAGTTTGAAGAAAGAAATACACGTGGCCGCTCAAAATTGCTATAAAGTATCAAAGGGTGCATTCACCGGAGAAATCAGCCCAGCAATGATAAGAGATATTGGTTGTGATTGGGTCATACTTGGACATTCTGAGCGTAGAAACATTTTTGGTGAATCTGATGAACTTATTGCTGAAAAAGTTCAACATGCACTTGCTGAAGGTCTAAGCGTTATTGCATGTATTGGTGAAACATTATCAGAGCGTGAATCTAATAAAACAGAGGAAGTATGCGTTAGACAGTTAAAAGCTATTGCAAATAAGATTAAATCAGCTGATGAATGGAAACGAGTAGTCGTAGCATATGAACCAGTTTGGGCTATTGGAACAGGTAAAGTTGCTACACCACAACAAGCTCAAGAAGTTCATAATTTCCTTCGTAAATGGTTTAAAACGAATGCACCAAATGGAGTTGATGAAAAAATACGTATTATCTATGGTGGATCTGTAACTGCTGCCAATTGTAAAGAATTAGCTCAACAACATGATGTCGATGGATTTTTGGTTGGTGGAGCTTCATTAAAACCGGAATTCACTGAGATATGTAAAGCCAGACAACGTTGA
AAG50278,1068809887,1,Triose phosphate isomerase,Zygosaccharomyces bailii,
TPIS_LATCH,-652834450,1,TRIOSEPHOSPHATE ISOMERASE (EC 5.3.1.1) (TIM),Latimeria chalumnae,
Q9M7R8,560,1,(TIGA)TRIOSEPHOSPHATE ISOMERASE (EC 5.3.1.1) (TIM),Achlya bisexualis,ATGCAAGTCCGCCGCTTTAGTTCCGTCGCCCGCAAGTTTTTTGTCGGCGGCAATTGGAAATGCAATGGATCGTTGTCCCAAGCCCAGTCGCTTGTGGATACACTTAACACGGCCACGATCCCCAAGAACGTCGAAGTGGTGGTTGCTCCAGCTTCCATCCACGCCCTCTCTGTGAAATCCTCGTTGCGTAAAGACATTGGCGTGAGTGGTCAAGACACGTGGAGCCGTGGCAATGGTGCCTTTACTGGCGAAGTGTCTGCTGAGATGCTTAAAGACGCTGGAATTAATTACACAATTATTGGTCATTCGGAACGTCGTCAAAAAGGAGAAACAAATGAAGAAGTGGCGAGCAAGGCTGGATACGCTTTGAGCAAGGGCGTGTCTGTCATTGCTTGTATTGGAGAAACTAAAATTGAACGAGAAGCCCAAAAGACTATGCAAGTTGTCACTGAACAATTGGCTGCGTACGCTAAAAACATCACCGACTGGTCCAATGTTGTCATTGCTTATGAACCTGTTTGGGCTATTGGTACTGGTCTCACTGCTACTCCAGAACAAGCTCAAGAAGTTCATGCTGGTATTCGCTCGTGGCTTAAACAAAATGTAAGCTCTGCCGTGGCTGATGCCACTCGAATTATTTACGGTGGATCTGTCACCGCTGGCAATGCTGCTGAGCTCTCCAAGAAGGCTGATATCGATGGCTTCCTTGTCGGTGGTGCTTCGCTCAAGCCTGATTTCCTCTCAATTATCAATTGCCAAAATGACAAGGCTCATCAAGGTGGCCCTGTCAACATTGCCATCAACGGCTTTGGTCGTATTGGTCGCCTTGTCCTCCGTGCTGCCCAAACGAATCCTTTGCTCAACGTTGTGGCTGTCAACGATCCATTTATTCCAACAGAATACATGGAATACATGCTCAAGCATGACACTGTCCATGGCCACTTCGATGGTACCGTTCGCCATGAAGGCGACCACATCATTGTCAACGATCGCAAAATTCGTGTTTTCGGTGAAAAGGACCCCAAGGCCATCAAATGGGGAGAATCTGATGTTGAATACGTCGTTGAGTCCACTGGTGCTTTTACTACTAAAGAAAAAGCCTCTGCACACCTTTTGAACGGTCCTCGCAAAGTGGTGATTTCGGCTCCATCGGCTGATGCTCCCATGTTCGTCGTTGGTGTCAACCACGACAAATACGATCCTTCCATGAACATCGTCTCGAATGCTTCTTGCACCACCAACTGCCTTGCTCCATTAGCCAAGGTCGTCAATGATAAGTTTGGCATCATCGAAGGTTTGATGACGACTGTGCACGCTGTGACTGCCACCCAACTCACCGTCGATGGGCCCTCGAAGAAAGACTGGCGTGGTGGTCGTGCTGCATGCTTTAACATTATTCCAAGCTCCACAGGCGCGGCTAAAGCTGTGGGCAAAGTTATTCCAGAGCTCAATGGCAAACTCACAGGCATGTCATTCCGTGTCCCCACCGCCAATGTTTCGGTGGTGGATTTGACCGTACGCCTTCGTAATAAAGCTAGCTACGAAGACATCAAGGCTGCCATCAAGTACGCTAGTGAAAATGAACTTCGCGGTATTCTTGGGTACACCGACACTGCAGTTGTCTCGAGCGATTTTATCAGCGATCCACGCTCGTCGATCTTTGATGCCGATGCTGGCATTGTTCTCACCGATGACTTTGTCAAGCTCGTCTCGTGGTACGATAATGAATGGGGCTACTCGAACCGTGTATTGGACCTCATCACGCACATGGTTCACACTGAACGTCAGTAA
Q9GTX8,-1271309730,1,TRIOSE-PHOSPHATE ISOMERASE TTPI,Taenia solium,ATGACGCGTAAGCTGTTTGTCGGTGGCAACTGGAAGATGAATGGCAGTTATAGCCACATCAACACTTTTTTTGATACCCTTCAAAAGGCTGATACAGATCCCAATGCCGATATCGTAATTGGTGTTCCCGCTTGCTACCTGAAGTATGCTCAGGATAAGGCTCCCAAAGGCATTAAAATTGCTGCGGAAAATTGTTACAAAGTTGGCTCTGGTGCATTCACAGGTGAAATCAGTACTGAAATGATAAAAGACTGTGGATGTGAATGGGTCATACTTGGTCACTCTGAGCGTCGCCACATTTTCGGCGAGTCTAACGAGTTGATCGGGGAGAAGGTAAAACATGCTCTTGATTCCGGTCTTAATGTCATTCCTTGCATTGGCGAACTGCTCTCGGAACGTGAAGCTGGTAAAACCAACGACGTTTGCTTCGCTCAAATGGATGCCATTGCCAAAAACGTTCCTTCAAAGGAAGCCTGGGACAAAGTTGTCATTGCTTATGAGCCCGTTTGGGCCATCGGTACCGGCAAGACCGCGACGCCGGCTCAAGCTCAAGAGGTTCACAAGGTTGTTCGCGACTGGATCCGCAAGCATGTGGACGCCGGAATTGCCGACAAAGTTAGAATTCTCTACGGTGGCTCTGTGACGGCTTCCAACGCCAAGGACTTGGGTACTCAACCTGACGTGGATGGATTCCTTGTTGGTGGCGCCTCCTTGAAACCCGACTTCATTACCATTATAAACGCAAGAAGATAA
TPIS_CANAL,1067912293,1,(TPI1)TRIOSEPHOSPHATE ISOMERASE (EC 5.3.1.1) (TIM),Candida albicans,ATGGCTCGTCAATTTTTCGTAGGTGGTAACTTCAAAGCTAACGGTACCAAACAACAAATCACTTCAATCATCGACAACTTGAACAAGGCTGATTTACCAAAGGATGTCGAAGTTGTCATTTGTCCACCCGCCCTTTACCTTGGTTTAGCTGTAGAGCAAAACAAACAACCAACTGTTGCCATTGGTGCTCAAAATGTTTTTGACAAGTCATGTGGTGCTTTCACTGGTGAAACCTGTGCTTCTCAAATCTTGGATGTTGGTGCCAGCTGGACTTTAACTGGTCACAGTGAAAGAAGAACCATTATCAAAGAATCCGATGAATTCATTGCTGAAAAAACCAAGTTTGCCTTGGACACTGGTGTCAAAGTTATTTTATGTATTGGTGAAACCTTAGAGGAAAGAAAAGGTGGTGTCACTTTGGATGTTTGTGCCAGACAATTGGATGCTGTTTCCAAGATTGTTTCTGATTGGTCAAACATTGTTGTTGCTTACGAACCTGTTTGGGCAATTGGTACTGGTTTAGCCGCTACCCCAGAAGATGCTGAAGAAACCCACAAAGGTATTAGAGCTCATTTGGCCAAGACCATTGGTGCCGAACAAGCTGAAAAAACCAGAATCTTGTACGGTGGTTCAGTTAACGGTAAGAACGCTAAGGATTTCAAAGACAAAGCAAATGTTGATGGTTTCTTAGTCGGTGGTGCTTCATTAAAACCAGAATTTGTTGATATCATCAAATCTAGATTATAA
TPIS_SCHPO,1065152461,1,(TPI1..)TRIOSEPHOSPHATE ISOMERASE (EC 5.3.1.1) (TIM),Schizosaccharomyces pombe,ATGGCACGTAAATTCTTTGTCGGTGGTAACTTTAAGATGAATGGCTCTTTGGAGTCCATGAAGACTATTATTGAGGGTTTGAACACCACCAAGCTTAACGTTGGTGATGTCGAAACTGTCATCTTCCCTCAAAACATGTACCTCATCACCACCCGCCAACAAGTCAAGAAGGATATTGGCGTTGGTGCCCAAAACGTCTTCGACAAGAAGAACGGTGCCTACACTGGTGAGAACAGTGCTCAATCTTTGATTGATGCTGCTATTACCTACACTTTGACTGGTCACTCCGAGCGTCGTACCATCTTCAAGGAGTCTGACGAGTTCGTTGCCGACAAGACCAAGTTTGCCCTTGAACAAGGTCTTACTGTCGTTGCCTGCATTGGTGAGACTTTGGCCGACCGTGAGGCTAACGAGACCATCACCGTTGTTGTTCGTCAATTGAACGCCATCGCTGACAAGGTCCAGAACTGGTCCAAGATTGTCATTGCTTATGAGCCTGTCTGGGCCATTGGTACTGGTAAGACTGGCACCCCTGAGGAAGCTCAAGAGGTTCACGCTGAGATCCGCAAGTGGGCTACCAACAAGCTTGGTGCATCTGTTGCCGAGGGTCTCCGTGTCATCTACGGTGGTTCCGTTACCGGTGGTAACTGCAAGGAGTTCCTCAAGTTCCACGATATTGACGGTTTCTTGGTTGGCGGTGCTTCTCTCAAGCCTGAATTCCCTACTAACATTGTTAATGTTCACAGCCTTTAA
Q9U2R2,-652834479,1,(Y17G7B.7)TRIOSEPHOSPHATE ISOMERASE (EC 5.3.1.1) (TIM),Caenorhabditis elegans,ATGACTCGCAAGTTCTTCGTCGGAGGAAACTGGAAGATGAACGGAGACTATGCCTCCGTCGATGGTATCGTCACCTTCCTCAACGCCTCAGCCGACAATTCCTCCGTTGATGTCGTCGTTGCTCCACCAGCTCCATATCTGGCCTACGCTAAATCCAAGCTTAAAGCCGGTGTGCTTGTCGCCGCACAAAACTGCTACAAAGTGCCAAAGGGAGCATTCACCGGGGAAATTTCGCCGGCAATGATCAAGGATCTTGGATTGGAATGGGTGATCCTCGGACACTCGGAACGTCGTCATGTCTTTGGAGAAAGCGATGCTCTGATCGCTGAGAAGACCGTGCATGCTCTCGAGGCTGGAATTAAGGTCGTTTTCTGCATTGGGGAGAAGCTCGAGGAGCGTGAAGCCGGACACACCAAGGATGTAAACTTCCGTCAACTTCAAGCCATCGTCGACAAGGGTGTCAGCTGGGAGAACATTGTGATCGCCTACGAACCAGTTTGGGCCATCGGAACCGGAAAGACTGCTTCTGGAGAACAAGCCCAGGAGGTTCATGAATGGATCCGTGCATTCCTCAAAGAGAAGGTCTCACCAGCTGTCGCCGATGCCACGAGAATCATTTATGGAGGATCTGTGACTGCTGACAATGCGGCTGACGTTGGAAAGAAGCCGGATATCGATGGATTCTTGGTCGGTGGAGCATCGTTGAAACCCGATTTTGTCAAGATTATCAACGCCAGATCTTAA
