Codon,AA,Frequency
TTT,F,1.0
TCT,S,0.07
TAT,Y,0.8
TGT,C,1.0
TTC,F,0.0
TCC,S,0.29
TAC,Y,0.2
TGC,C,0.0
TTA,L,0.41
TCA,S,0.14
TAA,*,0.0
TGA,*,0.5
TTG,L,0.18
TCG,S,0.14
TAG,*,0.5
TGG,W,1.0
CTT,L,0.14
CCT,P,0.45
CAT,H,0.6
CGT,R,0.6
CTC,L,0.05
CCC,P,0.18
CAC,H,0.4
CGC,R,0.0
CTA,L,0.14
CCA,P,0.09
CAA,Q,0.83
CGA,R,0.3
CTG,L,0.09
CCG,P,0.27
CAG,Q,0.17
CGG,R,0.0
ATT,I,0.5
ACT,T,0.5
AAT,N,0.0
AGT,S,0.36
ATC,I,0.14
ACC,T,0.17
AAC,N,1.0
AGC,S,0.0
ATA,I,0.36
ACA,T,0.28
AAA,K,0.83
AGA,R,0.1
ATG,M,1.0
ACG,T,0.06
AAG,K,0.17
AGG,R,0.0
GTT,V,0.29
GCT,A,0.46
GAT,D,1.0
GGT,G,0.56
GTC,V,0.17
GCC,A,0.15
GAC,D,0.0
GGC,G,0.12
GTA,V,0.38
GCA,A,0.38
GAA,E,0.62
GGA,G,0.19
GTG,V,0.17
GCG,A,0.0
GAG,E,0.38
GGG,G,0.12
